order_id,payment_sequential,payment_type_id,payment_installments,payment_value
c27ac06232941e2af3a9e86dde14a045a,1,1,2,74.2
a0325a9eb3a1eb5e4a83facd8937ebbea,1,1,1,81.23
a26bdfa860437e3b9199a81b6003d928a,1,1,1,78.18
490a97982e956ca7dcafe2282467dccba,1,1,2,66.02
de57d3e5ce7ac9d723a9572aac2b7fc3a,1,1,1,87.16
54f8cc54ce619e267135641ade8c363ea,1,2,1,199.26
66d560d1c77317086f3332a6715ac1c1a,1,1,5,118.87
4f2fa4f9710bf00b09c28ac555393d2aa,1,1,2,68.35
66305a754211cca47c3a2a59addf19baa,1,2,1,537.16
3c7871f5af3741b43672af62bf262d46a,1,1,3,62.65
69bff117da8229936027f2bb1024866ba,1,1,5,207.92
facbf3a7042565f608ce5dd2f5ca7c9ba,1,1,3,539.71
8084fb81dfc973b3d492e788bfe45ab7a,1,1,2,66.91
aae1b0d4a875d809965f0ea19c86ff95a,1,1,1,143.77
c2f6a6b9aadff1a114b5d17ead982d24a,1,1,2,90.63
89d0d767b2ae9218a978c6b9178d6ddaa,1,2,1,114.09
ae9e1b5ea01b4df2adbf3d1db769704ea,1,1,5,175.09
06d9e69034388abf6da64378e10737b8a,1,1,4,247.7
b63d14d5b4f36c400c5a897287b48a1ea,1,1,2,203.77
c382d84d35f4d874b1f1c372f4bde27ca,1,2,1,161.37
1dc839387052269a40a3e539aa949980a,1,2,1,70.89
dabf944b5665812f782733657428f68ba,1,2,1,238.56
67d3db1e6d9adab9c49e67e8a2e65b8fa,1,2,1,22.36
4b6e439f8ebc7348898173190aec97e0a,1,2,1,54.49
3860050d9215e2a3b78cf97bb1d5c65ba,1,1,1,25.76
9e020562e720fd5b4120ccc4ae0132efa,1,1,1,107.44
ffe311829861d844ad8de0f4d4923692a,1,1,3,145.9
d5a777d0e1c561e945c9eedce2cad80fa,1,1,5,58.74
36815333081d25c7dcb347185e93d073a,1,1,10,1210.62
ae939729c93b0ecd65e284740cb48997a,1,4,1,148.98
5b3eecddd7b10744360abfff7a6a74a4a,1,2,1,128.17
a2e5a4c4c016a3d66806bfffeaaa9930a,1,1,3,723
48182f93c2c0bc28cb145431fa5bcc16a,1,1,8,82.25
c63f87e803b2bb102390ae4a77ece207a,1,1,6,77.32
8ae61eab795bd8831fe171750551feb1a,1,4,1,40.27
6d1e24636558186d996520563f53df00a,1,1,1,52.07
3600dce59c2a50ed7c67e0d818b1e5bda,1,1,3,162.34
738580878981997bfadf04c4c2fbd013a,1,2,1,68.96
e6a6d96ae279ae5a454516029a7c43f0a,1,2,1,295.65
f080eea3284143410083852a499aa1caa,1,2,1,89.58
3139254607a08295dbd11e787d816506a,3,3,1,5.31
7a0e460794b2d836da856ca4c3db095fa,1,4,1,50.24
b571f972f69a2f91ebd89ed09a6ebf42a,1,2,1,181.66
13b194db506615d16a862e66b0a2f6e6a,1,1,3,149.58
851ca56d98d52355e12410122fe07fa6a,1,1,3,77.64
95781e5f0d6c976b1d32e609be9c4acba,1,2,1,235.26
74d300a40f14d9bb630e966dad89198fa,1,1,3,114
b4b1ec9a9f24d8db544120456a3a2f12a,1,1,10,2304.68
6d44b31ace9597cb17ddf0de40a6ea51a,1,1,9,98.56
1f75191842f4f2343c718aba4007d742a,1,1,8,117.43
2ebeaae6b3c969c7f5474e8f736bc33aa,1,1,3,155.29
6a2bbff940a0666437c99b8e604f54d5a,1,1,1,34.87
63fd927963e60a8c2f1baa83431cfedca,1,1,2,213.46
0113affd907a209209ab08413bb54226a,1,1,4,186.1
f16aa03fddf358ebc2203c03a5ba1d48a,1,3,1,113.89
a0f6d215b0e99072f27854fe0b1945b3a,1,1,1,30.13
6d1a62fa0b7ad62bdea639088be1e5f5a,1,4,1,376.22
bedcad246f8051ae66375615a3824588a,1,2,1,112.84
06136e6a6532fabbd5675f8090fca4b3a,1,1,1,72.58
c77d53942cf14c381d5740220f9c784ca,1,1,1,48.3
908fa8f2c6d9100f8efb75338167c8a6a,1,1,3,168.41
03bd6f7b95588e476cdef4abb2cfdd0da,1,1,1,57.99
3230019a07d0eee8a3816cb1732fe39fa,1,2,1,153.1
5f0204c837c9b96a76c8da513f40ab17a,1,2,1,209.99
dd804880e8bbe570f05a48fe008632e2a,1,1,9,97.79
daf7a55aa310de14e9b2409edfedc2b4a,1,1,1,241.49
4ff9ab070e81af8af428c889cc08b06da,1,2,1,48.93
c0902caa9df6e499f3aa6d5acb55f6c5a,1,1,1,67.49
9b555fa3c1a9ac79415e947cde8180bda,1,1,2,207.5
44a7b71ff4db304382a32b229441b281a,1,2,1,178.15
ceecda7c9b24cbff643a6c5119a9ec6da,1,2,1,28.31
9340ec2a1f243ae60a2b70696db3b202a,1,1,1,56.5
3334505458e0f039b5a43c32dfef2cefa,2,3,1,136.73
8d644a85179a2e3720976b5ce7d8818ba,1,1,1,18.39
bcf932ed1d1f89a66891f8c5b22c5d20a,1,1,10,275.38
711526597d2e1f1b5ee9bf5c4af2c4cfa,1,1,6,647.91
ba3794ae046c34dd007a8a9cb7cddadda,1,1,3,67.44
cb123d857949246d3e5f1c532280c023a,1,1,4,93.86
bcd881f346c66116b4cf838352ea8eaaa,1,1,4,258.38
acb2afbcbcc3be10924f75fd3b6c98d8a,1,1,1,128.88
17ca01c238bad17cd6c09179888b6d7fa,1,1,5,998.1
b27ffd98b450ba9120b7ebd8d6bb75dba,1,1,4,398.98
960fbbe89375098d7a51e5f0c31c4f8ca,1,1,9,99.65
61af896f4ec21290693a537f0671f6aea,1,1,4,234.52
eff815e07af90858dc1de0952b153b9da,1,1,3,97.25
396e93059094c4e5ebf8af645cb91e03a,1,4,1,207.32
c1f7501bdc05e68361a9d1c71ef75dcca,1,2,1,57.99
b75fb3fad479a8d1dfff143f49f2f76da,1,1,3,75.55
493ba21a937e956c5e0e4e26c9f1b7f9a,1,2,1,27.39
ffa1dd31c0e1fd3a1248fe23238eccd5a,1,1,1,73.99
4abc7b5330425bcf9c2f7f48151a88c0a,1,1,6,144.39
09a5c8d751662bfb96c5a3307619cb36a,1,1,7,376.85
f85406a2bb15eead2488ba5e488dbaa9a,1,1,2,270.94
74e3bb00b7a683932b6fddb70716b39fa,1,1,5,96.65
15b8b016ac9b68e6737f1b5eefaf6bc5a,1,2,1,35.84
710b84dc1017489e8e2cb948c9addae2a,1,1,3,114.67
3114c613f929e41052d2b64661080c44a,1,1,6,130.01
e3f0b66713db4b7b5104d6fd00701b16a,1,2,1,50.73
05426618bfbb87e04fdd3a60a5bfef38a,1,1,7,385.74
31da75f0c78b03d446ea7342a6c002b9a,1,2,1,179.34
2809bdf222a943e3f8f49ff324724f43a,1,1,1,55.37
dd6e5859df4016efe3a4c9979af4ee90a,1,2,1,145.12
a75dc59fb32aa2b2ba7db8573eabd774a,1,1,1,46.39
8915f28a46b2efbff3bea6e8b1981fa9a,1,1,2,127.37
9baa5b4e68d86c9f1694e1598b543a93a,1,1,1,85.73
b843ecf0468cd0f373c436effbd6f37fa,1,2,1,39.17
4ec57b5a1be421a2a793a22237120c24a,1,1,1,75.51
fa4646aff1ebffa86487953e4143125ba,1,4,1,530.71
0d922ec2be9bd5e75e225b6bacfdc4d6a,1,1,1,34.95
b2cc014ee51b0ca758fa72abdc54d199a,1,1,2,183.26
87ddbca935f5971922d9f64a5b8a250fa,1,1,1,121.84
3fcffc1b6f653b43f6ac98b51f2735eaa,1,1,2,78.73
4cc5e8564e986df9c0189d125236a10aa,1,1,8,224.2
ec0112ec66031380d1782e0c3cb08fd3a,1,1,2,99.89
43f0d057f0850582f4045651805ef133a,1,1,5,270.07
ffc730a0615d28ec19f9cad02cb41442a,2,1,1,12.63
d2c6edf0a1bc848686337236f623d79da,1,2,1,128.1
f32297601abbfbf31af1384e85636baca,1,1,1,92.3
1e677b19d299a71e33c95a270f656703a,1,1,8,211.41
9e26e5f7edbbcd4d5bd3b19c4b20437ca,1,1,2,68.05
0a90fd1ec2b6416cf95f9f9dbca21d9aa,1,1,2,54.43
f575b5125a609778241c26809da9ed2ba,1,1,2,20.75
de0bf4e0a4d6dd65281279bfbbb815c9a,1,1,1,97.86
ee79f3b63e56601a52d07366ebc809ada,1,1,2,47.44
466788a67857c13f5cda29829a296a92a,1,1,1,119.74
dfdd31692e32c3a31b5fd289a244339fa,1,1,6,120.98
59e2aa6cada46ead4c4520d965785640a,1,1,8,252.32
749890e9e1720de87c27367481a3d111a,1,1,5,213.47
dde2650c0fa0e73271dc339daf400ac9a,1,1,3,79.7
8864a2d847bb201242e03cab4d54994ca,1,1,4,125.87
cdf7511b632d2a9b53d70b1e24a45e70a,1,1,3,114.47
0a6e8d7b7db627f4863678eba2a98eefa,1,1,1,439.68
84f58fa486ce5cc8fcc701d211e80749a,1,2,1,471.42
dc5542aeff4f9a938c0de66cd4384080a,1,1,10,356.45
416c0517339b4d34deb72cb7adfd908ea,1,1,3,166.35
6ae0348c0cca83cc28ca3bf25d9e60fea,1,2,1,179.12
fd7eb2117233aa5ac29e94a28e082077a,1,1,2,82.87
9fec962af24505f0b989965945c1fc64a,1,1,1,81.05
7f13340e916ed8270e11c9e840317f98a,1,1,2,118.03
d8efc4afe919de73af09d4319b503f08a,1,1,8,206.91
043e7f7cfe1fdc68f4ba3dc83504db83a,1,1,2,140.03
8d99d2f6f573a9d674fd19d2c0f9a70ca,1,1,1,94.14
32fdf0a2dd2215ae2db0580d82e792dda,1,1,3,70.63
3d356b012ee1e4e469b7b56910afdb6ea,1,1,1,81.51
35917730026d50562c5945c14f98318aa,1,1,1,142.27
a60241fca336b3f14485dff30a172caba,1,1,2,176.5
4233067932385b2d8b301e18e1b75958a,1,1,3,87.38
aa29fcf45dcd013f2668ede0eaf806aca,1,1,10,858.65
dfe1a1cff6291723d37ed8f60e12d5c9a,1,1,5,158.28
a994ff8265aed38e21cb63b2d8402b09a,1,1,8,991.74
231f0baccdba5c1d4ec4dd711da58b1ea,1,1,1,164.64
46f3c8f0f9ca12fb198779b7f99a0e0aa,1,1,1,58.28
7e1c037b1854670dd27cda995f9b11e2a,1,4,1,393.47
9317022d5ffa1f322c79fb62a5871291a,1,1,1,33.62
2fe10d4ed06c8a5a632ed06bb5f33dc0a,1,1,2,254.77
d1ec61b50c7780944fab32ad8b873c85a,1,1,1,53.24
55471a53555cb61d9cd2ff895a278033a,1,2,1,53.92
43ba017334e710b763eefbbd09f9ebe8a,1,1,3,132
8e4614fbf9caf0cbe6bb3d1ac53d4f82a,1,1,2,106.96
ed3b269b4badaf0126050c9d4f7b854ca,1,1,1,55.96
cb82043e13f8881ba28bd6586112e3f5a,1,1,1,116.05
e9d200068a4ce740a45a51198b50c355a,1,1,1,17.56
81fffc4a57c371d20f822517c9e4f9aea,1,2,1,52.13
84cedab09d15fbd3bb87956434d61573a,2,3,1,12.36
880d0b678864b60cb1a087a3a0a896f0a,1,2,1,355.97
57e15c1ad29a85e248eeefad05d29453a,1,1,10,972.71
9d525e537711d24dba959b750dd6fbbca,1,1,1,267
f7699c5eaa4b797013ef7a7e48cf42b7a,1,1,1,72.06
2e3d2ade3d9a549848f6a576ae8f9da2a,1,2,1,201.04
d2adf5300d2ee5f376ae9bdd68f7723fa,1,1,1,31.83
61e0716d18d338f3eba2c3071e982f18a,1,1,1,40.25
34eb84795617859f326a6615f0fff940a,1,2,1,88.67
1011743f27a84fef8503f748cb1d951ea,1,1,2,138.14
55d03c0ad1a4743f9845da6d9444beaaa,1,1,2,84.7
6370f4288632ef7c6da3672d12f5ba40a,1,2,1,116.99
ff5afb773cc74f8424fc4e5c2f57570aa,1,1,4,199.21
c873d67cdcc79e51c21b47d8c69ada68a,1,2,1,137.93
26b5d26aa210d44b8a3f2310d32643f6a,1,2,1,100.64
68b37c61acb057cd5047ff23bfeb540ba,1,1,2,118.04
db74facc22b984a0e9f3fedac9196d9da,1,1,1,25.29
c24779f7bd7454db6631b1320d0bac1fa,1,1,1,65.01
ee971d64c174b5362587678fd24650fea,1,1,3,226.47
7916e8283be68b0f8c475ec68cf0f333a,1,2,1,53.34
264838181624ad76b573c373a9862598a,1,1,3,243.33
c367f22647d3051bba338f9026973607a,1,1,3,172.25
d225169bf3bcbe1def3db868a96d69b4a,1,2,1,279.91
4895f8a5926847fbac7dd72661f60dd0a,1,4,1,56.59
6c18e8919d8c368f2074946445b35dcea,1,1,1,50.45
14def5e6b6021ae117c181c039258033a,1,1,8,180.46
0a4c05d2e1ae812a342af2f5c9a34b36a,1,2,1,171.09
2acb8c7bef9b70c1fdcf3925c04bedd1a,1,1,10,132.13
0c2cbbfae44e4f2bd7c747a2c2b05bbea,1,1,1,37.37
f5646e8203a36be7abc9ebb188926c39a,1,1,1,96.88
4c6f9b20086e811c15722d15f8becee1a,1,1,1,52.84
e4992b3b826ff19edba39e9a4d9dae26a,1,1,6,1500.19
1055cb7f0f2cfc6ec8a445b1034c2546a,1,1,3,33.54
6ebc7d36b08fd168bebefb07e6170be9a,1,1,5,257.18
876c93b0a50c1fd2ad77f265d32de95ea,1,1,8,369.22
ab5628545011511727a47e013585705da,1,1,1,38.36
5b5e27caef5edb9446df0a7c106285dda,1,1,8,246.53
eb3b5ecbc980ff057c188ea3b3eaf722a,1,1,3,94.77
7c09108767582a44ca405d37360379c0a,1,2,1,369.22
a409968a19f09aaa2d44cebcef64ff53a,1,1,3,160.03
01237c761ffb72594a466ed514518af0a,1,1,2,126.46
1b70309f9d8c8068c52cab917fb26379a,1,2,1,283.86
3e12e60631dc37f47e3e3b6d866758e6a,1,1,6,129.19
18b7254a8929c73f21d6f0387bbe9de5a,1,1,6,139.24
2ae74f27a662e60bf2efb26a4b8d81fda,1,1,2,346.66
70263f30f6180c7ca277e4dc6c4c19c8a,1,1,3,99.38
e9b51b55b60f8de82106bf9f1470c801a,1,1,1,184.83
a0e0ab62ae4f2dad1ca6f19103dba9a6a,1,2,1,114.77
2d691a21ecbf955fc28064fbf5073db7a,1,2,1,208.97
5dec6c7bf0e703f21f033724925a62dba,1,2,1,122.87
0b685cd6f272b410ca1a0cd1fbf0a548a,1,1,2,88.19
399b46458951afe483b41ead035ed9d6a,1,1,1,186.84
f6284b20e702b2576ee9a3531fde571da,2,3,1,50
d4b4b8d55b203dc85ccad823014fbb34a,1,1,2,262.9
633f58f88ccc534bb2b5bde5459217bfa,1,1,1,37.37
8b6ed0131b6379b73b0dc313d55eb377a,1,2,1,37.84
afa18fe18903345a7bd38e285f0bca70a,1,1,1,42.86
890e7120b669f8e79df87610b80b3b91a,1,1,1,32.81
59d926a10c7bbe3763d2ed1fe40afdd1a,1,2,1,157.99
31a2886d02ad2127bfec204da2e93b66a,1,1,1,27.2
66dbc9ec3eb2119ce225357587599804a,1,1,1,55.85
4e88622fff810dd27f43c1663684bcf7a,1,1,10,103.26
6974b0dd5a23c544aa4e67c7fd711ca2a,1,1,1,119.9
152c657cdbdb6b803884cb4f691d17e9a,1,1,5,826.42
abcf5984d3741238d9c49184b7fa5941a,1,1,5,145.01
d269e3209c8a86e588a93e573cb97002a,1,2,1,304.59
e29908a97f47e204d0782ecc9ca903e6a,1,1,3,75.37
58ee901dc817aa7f36518d079340b80fa,1,1,5,107.59
b7d161c2d8850a5c429ef63f992193d2a,1,1,7,78.8
a6325795dfacc6b956a81ab35de34506a,1,4,1,35.85
9fb81511dfc1d6959ed1052930efd8a6a,1,1,8,511.43
7904ad4690e52067be7de5f91f2ad3b3a,1,1,4,59.1
9ac146c59c6dae84516a85362fdbbebfa,1,1,1,38.36
a74fafc20413a7a0f1035a1b9d22d687a,1,1,1,33.12
02d3254501ce969c22c38d060166bf68a,1,1,6,123.68
ee3392ed69b3aa71906d6890c571cf81a,1,1,7,79.6
e15fc1d42ce26a4f976cbe33878fd4d9a,1,1,3,155.85
73ac25417f920bd2a20e770b8a37ebc4a,1,1,2,28.78
498a0b00b1c51a95e61baebf6379d76ba,1,1,3,192.03
9b17125defce8ecb669a929fce9bb7c8a,1,1,5,119.52
b8ca5c17e73529b3e763b42b5e1ad575a,1,1,1,42.44
a96dc2c8b069bb0b45b539cc316a9aa4a,1,2,1,96.65
09b8d47d2f753e1c1ee4da43e4429ff5a,1,1,1,463.71
fb7f4f9f554fcd3ae98197ab5e81bb53a,1,1,1,97.78
4c64f4f7a59f7092060cce91b033d7a9a,1,2,1,382.74
a12de642288c88d6a5aec20f46a12fa6a,1,1,1,57.11
0d23171e8f59317b049b93ff11bf3cb7a,1,2,1,195.56
1bafdeda7fddba2882f1fd3279fab46ea,1,1,8,159.8
867f0c4784f36732024bc696739e400da,1,1,2,123.49
bb713fd5cb7b02db84e82bee9c98304ea,1,1,2,56.09
1347acf3fe05018c48139ce35aca77a6a,1,2,1,191.4
12f0d35d150a1645900980264e766cc6a,1,1,5,115.88
1166c0cee90e165a1b3cf275339be6cca,1,2,1,108.88
a56a7f475df6154f6e6ad0311578f697a,1,2,1,97.34
f05771c7b5cadd4177b82165484ac8daa,1,1,1,79.22
88b24cb0678cf5b316584a332f724969a,1,1,8,1168.71
abb71252913999175f6eee9cc4ea672aa,1,4,1,121.72
09c10d01ea598b37493ee93aa01cb066a,1,4,1,25.13
c7f036825b3a87b42323205cee8a693ca,1,1,3,87.51
b5590da0e1ed55750c6f09988b5935a2a,1,2,1,51.82
9aa39c76674f9f645b97303b4c2e3cc4a,1,1,1,45.6
9d4ddf2928a6c8e0f4cb2e816c361fb5a,1,1,2,73.08
f67ad055c8a64745e26ca8d2f7a70b7ba,1,1,1,82.8
0006ec9db01a64e59a68b2c340bf65a7a,1,1,4,97.32
f86672be5bf85864e88a08f231b43c2da,1,2,1,352.63
7359dc1b2795acbc7d4410fc336236aba,2,3,1,19.38
4809cd2c1bf682210c70023118f90090a,1,2,1,84.38
e9dd0af9909bd6872aaf792aeabad0d8a,1,1,1,80.51
7d42eb0f5a0a60cb5b96a044a3fb4668a,1,1,1,37.25
6e0f05728107157ca451dd9047a4eebfa,1,1,4,209.46
509cbbb4be7bf37477a52cd2204b30ffa,1,1,2,127.46
eb2a4cb05eada646f0b3fecc33a89f7ea,1,1,3,81.46
6ac81ce742f436d1d7de699cb7355a81a,1,1,6,62.44
a5274036a39a838ac50a4efaf8d0d66da,1,1,2,75.11
4824fef8a9f66256c9eb0c7682363932a,1,1,8,184.15
fd5bd3708628df1f0104d49b995f87d7a,1,4,1,33.22
ceb435f46d86d2fb2890334c4862315aa,1,1,3,48.21
1ba5b9882a75bc185bc0c7fbb909b697a,1,4,1,38.14
d53fe820dc149e739012c03f9409f67aa,1,1,1,38.36
dddc39f5e5e0fa66470e4fd815a31c5da,1,1,1,112.34
17fa9c64619b1cf287c13c5249dd6b0ca,1,4,1,169.99
3d7c4455b009850d0c83c70fae3df22ba,1,2,1,47
f656da44d1ac2f2be9875b2cc4ce7a94a,1,2,1,37.69
3d0ad2666f5de49d63ad8ed0af80d3bca,1,1,2,163.12
ebc45391c3d191ea75a52f6e2201d311a,1,1,2,53.58
2fab8b6042a5dc17a01cbca94aa6e055a,1,4,1,82.65
753c946b8e6608e274c63dacb53fb67fa,1,2,1,280.65
135522b6d0ac3390e1386b74d48f957ca,1,1,2,45.5
26bafe5b8b70950ebe6c386b3aad1fe7a,1,4,1,62.91
246840373d06acdce224acc218f73c66a,1,1,5,55.86
1a868fc0d0328d0e1415957b16f8a63aa,1,1,6,151.16
8bbbef97d763f4dcf2e12cc5b5e0cee6a,1,1,3,154.7
67feea73c5369c0921af9d3c2d566edca,1,1,1,210.01
1a549ed2db2a9933e6c9a780064db2d9a,1,2,1,26.22
068d6b1cc2388cb0c5dcff8815760818a,1,2,1,31.13
3dbaee49e261c2196c0b7be676957e0ea,1,1,1,65.14
c1ba2eff47cfb7e4dc93b12ee08f21eda,1,1,3,216.5
89ad9301604c76e365ba9b9db109bcaaa,1,1,2,145.72
8a9424899aac432d80d8e580932b5ee9a,1,1,1,6.79
b9d42d3c4b0b357f92488c43be786520a,1,1,4,163.25
710a55479936de44ffc31ad83de75285a,1,1,1,51.82
3a7763a8b66b496ef5253606f9a09110a,1,1,8,1391.35
ceceaa52ae02dc05d0ce987ed6f6f7f9a,1,1,1,14.06
b819d4bf7ee713f4efbbf5328a3eeeaaa,1,4,1,149.68
666ede5bf7b6eebd0d2f61795ee14149a,1,1,1,94.04
a014ab9c0e9c112b791293dc9ec38320a,1,1,3,78.51
f895460919953cca1c737af25d8faf3ca,1,1,1,86.37
eb73628992e7d5099384b8016d82e775a,1,1,1,65.05
9645ec392b0691767c5d0e2fabca23d7a,1,1,1,64.22
17220c71a949903772f1ed32292ee69fa,1,1,1,35.23
232efaeba12fd576e70a88f09d6583b6a,1,1,10,101.25
3430c87a970630a0cfdae2dfe4936d82a,1,1,6,159.62
9a3492f3f18d2b5cf77e8ce369f84d80a,1,1,3,31.11
fbcebc9f75750f9fe8253af3add1ac83a,1,1,2,87.7
ce6f76eb40949df0b5b6ef6936848d9ba,1,1,8,182.11
0aa3718b7db60c5ebec88b485cb975dba,1,2,1,41.36
0eedbfca467b1eca111793663c125e30a,1,1,5,85.74
2fbdcda31c80ac239b8a4b7192416b25a,1,1,9,237.66
852caeafa74327cfaf00268125425cefa,1,1,2,72.18
b76e1e63723d846f3382683973908122a,1,2,1,147
565c6c5797c586709ed3a67c9abc0223a,1,2,1,105.32
3eeeed9128175465db94d6c2406b5b39a,1,4,1,82.51
145e208aa1770c67fd155eb6b4084372a,1,1,10,229.28
dcb29bfbbef4b1df25a15c4e182e8dd4a,1,1,10,162.62
7fc163ae2a200d57c1118812221bcf8ea,1,1,3,38.95
5f07fda0de6271f38a81a1dd718c7a82a,1,1,2,207.78
f3e0072b748ae50d569e3cd2c1e3ea38a,1,1,7,145.69
da2dfdd5a61a829e74408cc8de93aea2a,1,1,1,93.54
22014e568766c4f4d4faf4f8ee12c606a,1,2,1,45.45
2d84a50c6a3aaae840d7a0dbdde2df45a,1,4,1,32.33
4f4648dfa78caa119b66bd224242c826a,1,1,1,47.25
c11770b0aaeeaf11800205df9b333d78a,1,1,1,31.11
11b2c36a481a4272681684f4b09ffabea,1,2,1,78.73
63114fe7881be901a26ef97cbd3b47a8a,1,4,1,66.66
5bcde4ca8f0878aab60dc18cc310fa4da,1,1,1,63.42
19018a1b097164d2fadb3018902f3221a,2,3,1,151.75
84e6078e0615be2c230b32c857152bfda,1,1,2,57.51
84630355d3f0a8006b528d597b29e854a,1,1,2,310.21
dafd881e3f2e32e13a60a0bad4547004a,1,1,4,174.26
bec18cf4e07d7c422cbbeca1ba9573f2a,1,2,1,63.83
a51878c7b567d6bb29abf33bbbd80c24a,1,2,1,927.63
1f46960aa3ffd141df0ca069e617b4a2a,1,2,1,35.36
6df963d6ce20c72cb119e8090f27c011a,1,2,1,62.8
9c6585136c83fd43fc233e6cec52044ca,1,1,2,143.49
72c98b53f4f357890d8107a06f895d4ba,1,1,2,110.31
ad5f36b2517f60b9ec2f04f80503566da,1,1,3,96.65
9c3186381b733d4304e2e416afc6bbc1a,1,1,1,210.08
afdb9767a3f9ec80e34ce37c5f47aa63a,1,1,1,43.04
4aca787fd52bf4435536ed117d9ef3b5a,1,1,3,145.85
f32b6e419ad4d1e6b79e4ec5a00ec04ba,1,1,2,124.98
35df0cf1d7650c5c0ad88837c4dfde89a,1,2,1,123.34
20ed2a2a62a766cbb3f2636a85ce3eaba,1,1,1,104.7
f2ef7d612e69efa8075800e031d9880aa,1,1,1,76.52
b1829b9fc61d2f28d8668cd5bde29e3fa,1,4,1,28.57
850d4ef35655e814bf267b10bbd03b3aa,1,1,1,171.34
06ba77893723a9357f7e681bf336fb2ca,1,1,1,64.22
f9144beb4a52ad3ca5337e1f9409a3f4a,1,1,1,119.79
7ca4d763a39831d8ba826af943d73ef2a,1,1,5,273.88
f1f053637dd55791fa3a8ae1df1f3605a,1,1,6,221.23
d946899ce911ebb570750e694994f812a,1,1,3,74.08
e96e01f8670b7127f79534c069c3cd20a,1,1,4,159.2
843b7dada8b84daa895c7978c62f9e43a,1,1,3,139.22
bbd8e564f8a7baebca36f716fa4ae247a,1,2,1,44.66
9e47bdda0d32604c18e587c151278314a,1,1,1,39.75
cf2dbfa7d6c75d12986db276131ec3e3a,1,1,3,102.7
cd8d629b349458e7b1d5e13e5aa54a7aa,1,1,3,148.02
eb3def506468a28e922792bce17156b0a,1,1,1,68.53
3d85885db63d8328e4dbaa59804ad1eea,1,2,1,208.07
a42283397a151200700834c740a51a37a,1,1,1,41.64
34a114524c5f794047b202c0c85f3a17a,1,1,1,85.11
924d24dd7c6de024d96e25d4812d65bda,1,1,1,89.39
d32f7844e64842d07dba6964b3494adaa,1,4,1,57.51
458f5a6d4163d5b6de33cda5ec82ef10a,2,3,1,218.72
54ba74414bed49a8b13864b3e8666f57a,3,3,1,20
1a71051dfe3a0641e6feafe991adbdaba,1,1,3,238.78
123bf681d8f2bbf410339ccef14d9c42a,1,1,5,135.92
9dd9eb1d7c035198b06f1775e0711a59a,1,1,4,80.78
7f86cca3de139cdba174aa276ec11612a,1,2,1,157.81
8dbf95d9c5478e672a3de4e316ab4d9aa,1,1,5,168.74
7598147ec12a15c62a1350443e7ad42fa,1,2,1,76.58
439e088d80f64c9fb6491a96e37d7ed7a,1,1,8,550.03
d9bf43027ddbeee4ced772f175c2dc40a,1,1,6,62.91
a10055536fe311de2b76c8b7040cac85a,1,1,3,121.62
bb4bfc8351c7a9340b9fadd09e26be8da,1,1,2,44.45
e84f18bf4ee058607a5dfa5ac98e0317a,1,1,1,81.24
9a6fd2478f561404120cecc289ea20a0a,1,1,3,186.19
ff27e1834865dc01e39567836980d12fa,1,1,2,171.12
18137b5db086c8612160066abecac8a7a,1,1,7,231.88
c5e44ccca834721d269f1227236ae8bea,1,1,1,39.04
f610e3e4a9ad8742b67f429e2772ee72a,1,1,1,33.05
6a868efa34dccad934e939877994dafea,2,3,1,68.93
9e9d1406a904f8e28018211f22403b69a,1,1,8,214.77
fa752aebeda0a3f9a2626bc507550c3fa,1,1,10,2267.28
f45cca2ab70bbb7fee0728559468cceba,1,1,2,79.23
00611822267e76e0055c25c18506f06ea,1,1,3,180.21
c7ee7ffd26d4d81d53dcd9d612631b2ba,1,2,1,194.02
47e7c69b3f435b43a16da911cf937369a,1,2,1,47.31
72729c533aa3957ddd96bcbc9237a49ba,1,1,2,137.75
2e3d25ae760b48fda536f1be145cab46a,1,1,5,169.05
41d85a7a138b7205e32211537623eed3a,1,1,1,39.83
2f508dcfe7fed8d13639afe310df65aba,1,1,2,116.62
7f6945b2c635db3bce1cfb585ba82d33a,1,1,1,53.54
0e947809a364825d9cd3af9fe3197074a,1,1,3,124.54
eba1872af76af0cd06f3a63bdef90a37a,1,2,1,85.27
d7a77baab69330a11a384b31591498b3a,1,1,10,858.65
90ff5f0766504f304ace97af9b321c78a,1,1,1,97.85
4bc05b9413beec5d8360baac48258100a,2,3,1,100
c32fc9ccb03292ac2e7a2c2f027394ffa,1,1,4,64.44
6b3c0661b32905af6722a962d2fac779a,1,1,1,96.74
35ee767c6d8dd29df4b683ac20d34c9ba,1,1,1,41.01
b12b92b6a6b42a691ca688b4d7225153a,1,1,3,163.8
ce385b0dc002b5dc50eb3e5faf0350b2a,1,1,2,173.82
0c92cd0095b2e1f57c013f2094f4e434a,1,1,3,151.94
5985847295d7e0472fe475cbc0672ee7a,1,1,2,123.49
8d8f38e4ae1cf25848c0570ff236958ba,1,1,2,193.3
01825d0debce07b6502f4aff38a00e69a,1,1,10,212.25
719fa622ffdccd736b29beb1b22712d6a,1,1,1,59
e5500d517e53a1e40c556dea51c7a2faa,1,1,4,91.76
1ecfa320a6763da8b71ad1fbd4df6550a,1,2,1,42.87
61c7ca53c85ddf347b33ff60118893c4a,1,1,1,45.28
cc03f6907e3230fc27f728ed4e977534a,1,1,4,219.2
f2a3d556c40ae141f8633033d5589bc5a,1,1,4,47.19
0d88db9608d798b5d604f668ca3c9bb6a,1,1,3,198.48
0d5286ba45f14f5c1d188ccfe21a79c4a,1,2,1,324.35
3c75e106ed38695c5bbf7fe5ab77a851a,1,1,1,71.68
82e4be23c247d0fe56f0fb757a26ccd4a,1,1,1,64.44
dbd51aaa65a18413d5c1a97a0bc41bf4a,1,1,5,111.42
6e5f1d377726554b0f65e0efce15e195a,1,4,1,173.85
84b178ef93e0b367f901d4263bee2a3aa,1,2,1,129.38
5a1162244090096d45dbdd8c9037a720a,1,1,4,158.99
2e167a5acbb1c31fd50faac2ac3986d4a,1,2,1,101
b394c91714441e1146cc0091a94f99bda,1,1,2,144.18
19cb995d1cf31c1a9c3d00b9f9e7e5e3a,1,1,1,70.89
97a0c3698151724b828f425d511d224ca,1,1,5,158.43
522eec5aa38ae3153b1c1a94e013947ea,1,2,1,63.41
fb1418494ba4e6ced8a7ae840dd9fbfca,1,1,1,53
02546acbfd2949a1f63c44ad04978ea1a,1,1,4,85.81
469dba1d869ad7ac257e09c9f8947b4ea,1,1,2,129.1
9d3da528dc19e8ac4ad42ed097e8d065a,1,1,3,98.65
61527d1d8e32b98b5c185fd4f23a7876a,1,1,5,189.39
03b89e8b0ef3ba18cc903dbaa7aff107a,1,1,4,47.2
e7a0d968e1490c9d5c075df5f3e751cea,1,1,1,94.74
04492e6b1fcee5317506f927e0e89eb2a,1,1,7,130.01
8840abe0158f5b148bae2172f8c24423a,1,1,9,193.82
68709f86fb9eba39721082ba8fcb7047a,1,1,10,159.35
e775e2a68408d7fa3fc0297268f1abf4a,1,1,1,298.18
40d9b709b3b6a77fcd309165705f58d7a,1,1,1,142.27
b32226e3b83849c23551e39452d562cda,1,3,1,106.55
f01446f8957b17a489cea2b2b77c1e97a,1,1,2,50.32
d26e5113b124c2bf24274139cf339a8ba,1,1,3,48.11
f2d87ed38676765184a73e871a9e3ecea,1,1,10,111.58
bc2c6eda20ba0146eb5d4420734b21ffa,1,2,1,177.99
89c880f756709e7f7825b4ae6fe7a2f9a,1,2,1,118.74
a77391cdf600460b495855e76f6938c8a,1,1,5,63.33
32659d759ee706f5c1937fe60a1b00d1a,1,4,1,41.39
6e1d72c49d6aa8e6a4c5670c6ae13c72a,1,1,1,38.27
5c4c16f0db1537d3ef9e718f12dde7c4a,1,1,4,52.21
e742341b8b6bf5a833c52f7c607f6b69a,1,1,2,154.05
05deb664157a8c5022b440fc420bb397a,1,1,8,83.79
cc2a815c27056f7c5770b6a14d422863a,1,2,1,86.25
2b57a0c3167cad0a95b15e00b748d5caa,1,1,10,184.52
14a915a594225cec76a7c3628517a64aa,1,1,6,342.39
c99bf9bf2c26094ff4786e6bf919d14ca,1,1,10,978.6
2e13edafaac2c078f2cdbfa481171fd0a,1,2,1,282.07
7e41bd90616fbe90fba3dd8989d91af4a,2,3,1,100
53bc886b1ad60443b3169542b7947f3ba,1,2,1,45.78
4218242a28cc771a5fbcd7f4e56dd02da,1,2,1,233.97
e1a818b056b700bd7b25f1089d897239a,1,1,2,122.74
86a8dda933d2f5ead748b61f816fd181a,1,2,1,99.65
736e1922ae60d0d6a89247b851902527a,1,2,1,7274.88
41b77be2144c06162d34e0a18f8f15cea,1,1,1,25.67
747674a4b8b96ff3a901d54e528c9059a,1,1,3,112.1
3372b84d17cb731396d87c183d50bdb0a,1,1,2,117.88
be67d695978287b15a519b4d73c6898ea,1,1,2,133.94
b79c105a20e7d6c5354e50f16dc2baeca,1,1,7,205.81
90c8bde12aa6f80aa197224f08645a34a,1,1,1,42.51
e2ae0065226927a2f9a53f2f05b12c72a,1,2,1,88.59
903886b8e51bd659e2826a72c3eb5c5da,1,1,3,148.01
82f5146f4cbd867e3dbd244cef22f2e0a,1,2,1,117.61
a5469a655af5c94c8a3724543bc8f73da,1,1,3,62.65
6cda04e989dcb90b7a42f11b3638d824a,1,2,1,31.4
bb8efe90a4b9dc65b0b365ca7a94db25a,1,1,2,36.13
dd68ef67523952a95a744e87a90375b9a,1,2,1,571.85
c9d9195d49623398b66ac6322f971d5ca,1,1,10,269.75
21996e7c744554c7c4fac8896bbdf0eaa,1,2,1,143.06
9d8698c08be0d1824923f62270dd0d3fa,1,2,1,45.52
115f2ca39e45b0ae938c0fbde15c145ba,1,1,1,76.51
8f0057f230f19e9f7ad1a5566ef6a980a,1,1,8,838.83
c6a9c77bb8c5622e8ce686a274dbf281a,1,1,1,36.45
bee08350422327a5173380c04d5e9fbda,1,1,4,239.94
ad9e5e00d6f4a3d4226893dde85d40f7a,1,2,1,76.74
2a45f09e63c6b3aadad03e534d9c5a1ea,1,1,1,165.34
8a6687e2edd62edc2b9c1de51234bd98a,1,1,2,196.92
3cd7db83ec0d0241ff01cd50c1571acba,1,1,8,385.74
6826d3cfe92e5af877d3d2088f03d8c5a,1,1,4,338.58
7a8107927fd13f239a62ba070873fe45a,1,1,1,27.46
1889186724ca4001eccd1dab24cae9bfa,1,1,4,81.71
ae6bb3767e72eb4b280e50c3d46ed9baa,1,1,1,68.43
8349a1bfa0cb940e2505005041c3fedea,1,1,1,168.08
3731eefa80338e5d69ddd2128dd45fb2a,1,1,1,468.26
3a328e1340a59982235a158a25133cbaa,1,1,1,121.04
ba1f6216a5c2428edf225c23708fb2a3a,1,1,3,119.79
8ddbee86a9602f49e8e932c46cfd751ea,1,1,4,210.48
f82bf77eee094dd4e9b9e44b9f7bc246a,1,3,1,98.46
002834535f7a609a5c68266f173fa59ea,1,2,1,57.17
c81d8c64bac8003aa77329e1e4f078bba,1,1,1,85.54
0b0809b2b64511c62fb745fb8b465cc9a,1,1,10,280.8
e1d91f5481b7e7a48c0ceefd3feb4ba5a,1,1,10,235.22
5d681b5588723aa46f699b097a563a60a,1,1,1,17.38
93be45ffc4c8eaecb1eaf7654308acc1a,1,1,2,138.21
697dd6059b52ae362ff66b900faebc21a,1,2,1,88.61
47deff0f69fd02d0085bd77d6c9c0181a,1,2,1,141.94
2beec023bba6f27c7b59dacf9f3afda1a,1,1,1,155.66
22b1de291afc457a072d35bf6749b18aa,1,1,8,138.5
6b6634917b74d4db4d32cf09754c061da,1,1,3,193.84
076d1555fb53a89b0ef4d529e527a0f6a,1,2,1,2713.36
5a7e3486fb94e316c6926e1d6d52749ba,1,1,4,272.04
80503508be2a3417d594a5d158c22ec1a,1,2,1,40.67
9dcc4e7d4978e71c0c8c8562a72935fda,1,1,1,308.79
ee2fac75aa66d8457b22c46fd08a47f3a,1,1,2,69.16
d6559cf575d2b2a2ca5f8c1932094e70a,1,1,1,37.37
445cd794c7ff61866803ea314dabe645a,1,1,3,54.87
d9faf6f49d2c7b35db2ee149350d371aa,1,1,1,153.02
b776d14b6ced11d944e2a04f0fb06376a,1,1,3,87.01
4ec2eea90506ad5dd1284a1a7e4cafeea,1,1,1,41.13
c22f4f00d48f26a217d8f07c7653b588a,1,1,6,138.5
658028ee7633b50e656cea96a31274b1a,1,1,5,135.84
9cb72ea4aed538b235a9936b84656974a,1,1,8,280.72
fc4de496aefe84390ddbb5471ace9a8ca,1,1,1,224.12
6a8074244958b34abe3e949b948bb9f9a,1,1,1,119.77
a7e92306fa96254682b3081d01ef6ba3a,1,1,2,73.71
1e28e69f84e592969c53f666961fb156a,1,3,1,103.99
50ef0803caecc37cffe206f09dbc70b3a,1,3,1,85.58
2290b45124e2773329685c8dd7458e68a,1,1,1,83.63
60a7df16f9a8d8f38bd974b8a873167da,1,1,8,198.96
d4c47f44b9e6605aade474a5df5cc56ca,1,1,4,307.56
cf851a3ce6ce940823fdfb5b0a8eb337a,1,2,1,171.51
2b0a897dec5e098d39a6aad719ed97a9a,1,1,4,97.74
9b5038dbc6702b00b24b9d493c82c371a,1,1,1,69.05
a251945eec0cc0482667c716eab7c09ca,1,1,2,125.99
8ec29b681fd22a8225b16acff79330a0a,1,2,1,193.09
fd10d31bdfb91ffa20c8b037fb9bdaf0a,1,1,1,32.33
9f18c993eae62038ac5401de4f757054a,1,1,2,135.06
524802fb3df670ef6612573f2d434b10a,1,1,2,226.57
8b86d33f9f1ddd6dd357b35d1670bc29a,1,1,4,44.41
9c047f1058da1c399c10a1526f528855a,1,1,1,70.89
9c3580e890d4e5c7a6f8ca754b9aff45a,1,2,1,157.29
9174fca54bbd6e4bef29bd8cebea449aa,1,1,8,848.61
b2645c2a65c62e9c18bf2a83d10203b6a,1,1,8,307.42
27c49d4a7b5ffac7a824721909617820a,1,2,1,116.74
6df6c9c9af6ef75b4f06f8a7b9f47e9ca,1,2,1,28.1
dd38bb2616d4486d83368c43f16e04eba,1,2,1,48.52
a9eee8decd3e1383ae72091607768f03a,1,4,1,142.27
1fed99a98b731643b3b81a56f08b4bfaa,1,2,1,203.3
d4e497fbb372f7fa8565a310a7243b53a,1,1,8,403
ddd9c425db13b8b55a6dc676634ea208a,1,2,1,159.4
bd80a1b56163c6fcce585462d490ab36a,1,1,1,16.28
d304c1d37685ed533e5e16e8e74ff2c1a,1,1,5,262.3
69fe44146033a055ffc2ac0b670c4b11a,1,4,1,19.89
ada8de3a9486cea2fce7f4b00319cf3ca,1,2,1,123.75
6a98fdd0da4868008ed2b97194165cb7a,1,2,1,50.56
4e8df4f2ecd486fc4854a0c424593079a,1,1,1,150.37
e4c9031df14928b20f99e53c11d6e1d4a,1,1,1,35.84
efcecbba5f4753891d53ad200a60e81fa,1,1,1,81.5
3891ed2dfed1d43066ed7d9f188ad89ea,1,1,4,219.3
38eb06edd481856d589bd3beacced42ea,1,4,1,219.21
1bc5841ae612527adc7d41b80412295ea,1,4,1,52.58
b706ae4c6c85939c824f9ce25ae11884a,1,1,4,144.9
7e44fbbef1ef258486c161d0f53f2c19a,1,1,7,255.44
b744841b6a754e51042b8abcab208ffea,1,1,3,133.26
1eec0efabea726c266e947674306621aa,1,1,5,112.49
8b571b2408e46eda138c7d9f1761ba43a,1,1,1,66.39
396af24f9fbfbbb946c61236fa1cf895a,1,1,2,264.83
a372a7d11ca9ccad9fae880a4a79cbfca,1,1,2,58.28
3e01fe3c29238179f003bf1c3445bc34a,1,1,5,173.26
c432f9c7affd083765cdda588b7ea625a,1,1,5,499.46
89a7352733b3aeb0fc18bb034b52cc5da,1,1,1,90.84
1968bd026e715a070f442cc2bf5f2ccba,1,1,2,458.56
60864257be0835f1fc4225706a92cc00a,1,1,10,730.08
379fed4a1ab7b5a3e8126fe0b76b9ebea,1,1,1,62.65
b82334e399ad815225d7d781a906714ba,1,1,2,116.79
fdf128b3630c21adc9ca4fb8a51b68eca,1,4,1,46.2
b8ddc399e43d44b438e323ca1cd368c0a,1,1,2,132.33
e2562a436f07f681c4074d4337918677a,1,1,1,46.16
eb6c9fafc446a2e85663c76915b796dca,1,1,1,30.42
115a5def49198c358d372dccac79ce54a,1,1,6,155.42
135873f19ffdd8c0841b7e7b7c45220ca,1,1,1,35.36
be0c74fbf10fa0f9ff71d978fdc49fe5a,1,1,1,78.7
d1450bdadbdc63d63930446c31eb91e2a,1,1,1,74.57
2799a10e833b3292c509a981e273c4efa,1,2,1,133.02
a9c7a298f4d31996b9a505ec79fcbae9a,1,1,1,135
1257e20a360aff14dfaa811bc8e50e09a,1,1,4,48.3
6b34444470c3f9256eb504e61edcd608a,1,2,1,28.91
8780697430377d453d0cf3f29848a515a,1,1,4,120.15
882554ccc6f6b9d99fcab37ef645ed14a,1,1,4,529.76
c22f6ba7f27b03c0882d2c2ce2a3f3a9a,1,2,1,174.21
7d6dd21206d2e43674aa0c6b6e573cf6a,1,1,6,153.96
7b6058eb290bb954e39d59cffd022a29a,1,1,2,112.05
96656dd1c9f0e6b415561d8a6734ffefa,1,1,4,157.79
44fb50923bb950b4aac437b0e7e0e3c4a,1,1,1,70.97
01cce1175ac3c4a450e3a0f856d02734a,1,4,1,123.74
b8b12c952ae497fb7389315cd2a101e1a,1,1,1,126.21
f8ed26e5b5bcfb0d20833e3996b5e426a,1,1,1,26.78
99d49f52685bd8c00ec0c341cc75d68fa,1,2,1,22.29
6a83e5c040d9fc9d14c1035925ecee1fa,1,1,1,109.72
20a1b5b821806e87157587550af9d52ea,1,1,8,109.92
8eb2d535942b5b5c20192ab8a72db202a,1,1,1,27.39
ddd1cd1f0c2ecee8f709cd6c8d22daaba,1,1,4,99.75
1be0198364927817972a58d394308a40a,1,1,5,784.9
ec7cf5f129c87b44a31239380516ae8ca,1,2,1,23.29
2e030421b0b918820fd7afaf06c61874a,1,2,1,85.81
a93cc6a86a64ca1f201b78f981adbc25a,1,1,7,149
4f0b7853ed43ab1a2dbc32c3c2b17da2a,1,2,1,36.72
70a272d1c01754b91a8709ae7efe27bea,1,3,1,881.99
630851c26588ce1346328ce74a222c7fa,1,2,1,99.34
d7db08dbc78c01587c1da8ce08e6269ca,1,1,2,151.9
a2b2d6d1919f4f35f47c42de3f62a1fca,1,1,10,105.51
38dd491abd1019ce526c43c8145e2f4ca,1,4,1,99.45
ca43f8e8a9bf6a143bdfe24cc9fa5c1da,1,1,8,118.35
1551a397c99806c946fb1b1e7c729d8da,1,1,1,178.84
0396488303af9f0a78feb9ffa7e48949a,1,2,1,177.11
9902c4cfc248909d6edb216912e16ef0a,1,1,1,101.1
1dfbad39bdbdc81e1419b9e1972cff46a,1,1,6,158.98
da0b10b78f4b4fd25b1635724889e7dfa,1,1,1,89.3
1362f8eb7b8f4e07b852a57afc251381a,1,2,1,206.43
18df153e64a40c0a549c0312234e1ee6a,1,1,6,433.83
bd02833fc86efad05af6d9d8cc4a8b3ea,1,1,4,98.65
f8b6b27efdf0f73f9e9d978fc503c45fa,1,1,5,59.37
93cc657ef01997bdee3bc4d3e574a470a,1,1,1,82.82
c516d2f709c6364f4972d91c96569568a,1,2,1,68.52
837a2b3fdf1af32fbddaedb82e8251fba,1,1,4,70.9
70dd6272528235d8324f3d154b94861fa,1,2,1,56.16
1770c4ca61c42f3ee7a4ed66d626bd67a,1,1,1,113.43
24bf227d444a1df7957f78e6f03bc5b6a,2,3,1,100
0460d320a0a3d5a59cbc08636053751ba,1,1,4,133.4
2e0a57a3d7b55da441c3d59bd020a100a,1,2,1,23.38
83c21ad12bc2a9a586aabd1334ee4a22a,1,1,3,140.04
f4788173ecaa859073b6d2c4a35da40fa,1,1,1,56.36
b61519b912ded530fcb3fcc9103fcff2a,1,1,1,33.33
c3a001021826ddfe86b5a2d7ef464308a,1,2,1,39.26
5fae5b3e4e5a5c6b02a38d8e4536a81aa,1,1,8,87.11
481075dd01a45aee93425cfdf090a8caa,1,2,1,167.83
b193fd0f267c2871f27f939621408e71a,1,1,1,30.01
973c60b5a6b596a9bfe6a48569a9ef50a,1,2,1,211.44
7613c3754c405759d9fc074c35a02b3ca,1,1,4,47.44
00063b381e2406b52ad429470734ebd5a,1,1,5,57.98
31edfdd76d49716666c52c80ae236d75a,1,1,1,39.75
f1fef02958f49028cbdab162242010b8a,1,1,2,123.97
3e5a5f26a57dc7918c951081887b0e88a,1,1,1,39.41
d14f47d31b1e3717cd25c3876b276523a,1,1,1,127.67
2355668b3f4f5c92b35d3aea796b9ba1a,1,1,1,129.47
bf21c25c297f9093e217a740ea93b465a,1,1,1,49.29
fc52f0b6b2799aab381d22c1500ec63ea,1,1,3,106.76
959d645c348f4b237daaec697cef73c4a,1,1,1,320.67
0c91f244ab45cbe4383163d46635b442a,1,2,1,37.37
7a93502a455e1399090b442409cf516ca,1,1,3,239.5
4096943338f6798c95bce03684e2a354a,1,1,8,553.53
216b8ce59251043404cc3b15cff651fca,1,2,1,44.78
4e9cb71601575577f2208d3aedf933cca,1,1,1,87.63
89f3f2390082961f54df910ea5542a71a,1,1,1,65.74
d66c390445566a6735c7a703c75e4e68a,1,2,1,110.71
ff4ce1bf027da9b8b1eaa0c10148cc2da,1,1,7,147.41
5d6e04a5abfffe286806a9e6b296eb1ba,1,1,3,32.33
bbae6c48f9a555fcdfc699ed409760f8a,1,1,8,219.52
0bbca56fc4659e5b3ee85bbe37284f13a,1,1,1,39.88
44fb0b3fb29ddaedf3fe5bd4a99e7495a,1,4,1,70.89
87bad102fdebff40d7f35773874f5c5da,1,1,1,58.37
c3305fed995a73b166f39c89a3a5bd6ba,1,1,2,139.15
8062490d9761653cd11d048a96f875d4a,1,1,1,32.13
72c81a6a9dcf354f87393c361caa13cea,1,1,2,166.35
155581701d726e5261052c3e6fa83dfea,1,1,5,1168.71
10fdf269eed6d4c024dc5eeb5c7f6c37a,1,1,7,75.48
f2ec7f6dc805433a2e8552ab56ef33bca,1,1,3,94.74
1b7120c62e8d21f1ee396c4c465101eda,1,1,1,56.6
11aab800a7e398a77f8f1a28a74092eaa,1,2,1,405.69
c1fccaa7401a0afd72cf89d7c2f806dfa,1,1,3,279.57
9b60426b9711c8a0a8a1b1b37d3c451fa,1,1,8,229.37
d959ee7331f023b51bfaa71be6f7342da,1,1,3,145.12
412ccedb685110d6be9fc7ac4a07dc2aa,1,1,5,257.18
4dc251eada0b46c0274a07e01d28b074a,1,1,1,35.14
c246fd65fbfdfd5eaf13ee936827a1d8a,1,2,1,148.7
93c16dd65eef73dbb7c6286bbacdb734a,1,1,1,23.06
3ff3c14b693208d95c7a79ad6fe5c117a,1,2,1,31.13
f1e8643379e102eb64bc8ed6989a2ec7a,1,1,2,27.39
9a7d7672806f5cfd6bc9cbd5a060806fa,1,1,8,545.47
4312fbcaf802f48339fed28e13a5dcc7a,1,1,1,78.51
c66b4d4c8665330b53721d0f84feed9da,1,1,3,57.07
06f39c67a9d68f76a8bfdb092852829fa,1,1,3,162.9
50a98bed547040031825f02f6606c7d7a,1,2,1,68.35
07bcb0695fd4e3121e2fae21fbef3d28a,1,1,5,142.09
5869e8a5c993e83fd00128ca4c8478fca,1,1,3,87.01
f24afd66659f204e2fe3866ae39f4e20a,1,1,1,85.58
7c03bf6cda48e5312a9e4cfb0002f3b6a,2,4,1,143.87
e9525d74abc05d22ffa3059164adb967a,1,1,1,262.17
15c27084788815475d3d73afe7dc2330a,1,1,2,140.57
5feeb22d03c193159f3e223c2a87e745a,1,1,5,159.14
bb645512c737c47f7bb875b67153b3f4a,1,1,3,261.8
f5234dc943e266dc8922b4870dc9d491a,1,2,1,97.79
17a020262f659ee7b1103f36824ee2f6a,1,1,1,96.69
1bf96d65e405802ae7b8a8e176b0b3e6a,1,2,1,50.35
d016acd5d2c7b6cfa89b282b8d1fd052a,1,1,3,177.25
820235f6d6341b0a1d64f22499ba07c0a,1,1,8,511.23
2cbc46ff3ce1f5fb3c5ccdce7157b8fba,1,1,6,108.33
9d9fcb45ee8881b84ca11e65a913941aa,1,2,1,71.62
edaa372913b1dc07209e39b2f15f605ca,1,1,4,82.56
1116b4c0d6e3854854c9967dd1453113a,1,1,5,101.37
45c6469f0136458ebcb1ae34e7a4c3b9a,2,4,1,56.37
f6e6d4ea8fa36e20a36c71352a2422b3a,1,2,1,44.11
77af255581f9105559c089f67f770dc3a,1,1,8,245.07
455899b7472d7821875298e00590ba15a,2,3,1,18.65
d368a1aad6fbecd01c20f4bef6bbad64a,1,1,1,90.83
638c0b485b0d53ae317d2848475b0a6ca,1,2,1,60.38
e267e6d5b54bdbcd941f9c8bc4eadb82a,1,4,1,267.76
f2a368e50c1c94d8f9545b80031f0e7aa,1,1,1,51.82
c2320c404179d2b8805c42b8b8de9668a,1,1,5,372.18
16531229b848e54d09da87453688db0da,1,2,1,278.72
d821b5e67b0018013d207479dfdfccd6a,1,1,1,72.07
3ab2e0cca7a7831b28bb1bcff404f6c7a,1,1,7,356.11
99a3d4b1228bc02abf9eec5d9a7a742da,4,3,1,20
3958b17a88c13dfb60674b04bc79168ca,1,1,1,3.7
768e562205a3f907b620aa6f945f596ca,1,1,1,117.79
30ef7c120f099b71e0e0eae30f95c954a,1,1,6,126.26
96acc057158c055d3508b8379df12ceaa,1,4,1,184.92
ba63a64d0aa1576c6b826428f476da1da,1,1,3,286.05
c72340047105422e220e980a8b0ab3eea,1,4,1,43.87
af4812c0286cb623517321205ffb5d1ea,1,1,1,26.98
a67d6881ec08b5e0258c05357bce8516a,1,3,1,59
8dc23e32f69367ed60a8fb3979e3cc48a,1,1,10,114.58
a398fa8a473ac89d43aacae1d3e1666ea,1,1,2,168.8
fbe1b2aeb4cba6d2bc309c735a062549a,1,1,2,136.93
9e1b037882254a396408181e76546b01a,1,1,3,46.29
206d1a13596872a713dba14504fdf699a,1,1,8,286.45
4a21e3eb07861993fbaae74314b0d224a,1,1,10,1472.47
a727355acb88d9b3e6e41fb2e3888a0ea,1,2,1,27.3
40cb5e00d417c4057d5253c48b887267a,1,1,1,32.23
36d80fa68ee43c6ee60518067a8d667ba,1,2,1,153.1
642ea6e274946158dea23ad0087bff93a,1,1,2,118.35
cb78dafa7c2ca5d9eafdc6f02cd4f3b7a,1,1,10,814.37
3569dcadd0374718b87bead0d7241d6da,1,1,1,35.45
4ffcc2f0e8f54f36e73b83db8d8c494da,1,1,7,70.89
209e55ebe1b6ee30b02a4c07d7fc0cc8a,1,1,1,309.9
871bea8f483dd0a0884a96d0e8dc1acea,1,1,10,243.58
7a3b37948764cd3ae1bb7c332ee79397a,1,1,3,157.81
438b46304b3217ea878c63aeb5b98f5da,1,3,1,196.41
00cee8a4dbb042385cbbd84699e78b2ea,1,1,1,69.07
a695e8fc1b0a6e9c814da33ed8cd9703a,1,2,1,167.32
8fe3b44d3161e377a52ba346b2b0ec08a,1,1,1,53.48
ad87f982d1ef40d7a0bc339828e35616a,1,1,8,152.65
3409538db935345d2d9bf4e77cd2a5d3a,1,1,1,124.13
df7e2759236fdf704508c65069fb6dbfa,1,1,1,49.32
789ef8e547844763c96f5e815b5478e3a,1,4,1,1562.57
9f614c4a6839e4c60280aa7c70913658a,1,1,2,155.29
6898d4e2dad0e7d07e74cbbff0a796e3a,1,1,1,88.59
078d2f79c229fd2c2759339ac97242f4a,1,1,4,227.6
b804f2f3be682c81a8600da13d96951ba,1,1,1,104.39
86f452af7e6c8314fa5b43b768eb9d0da,1,1,1,79.51
e8596a031f6814efc9b04e857f053ac6a,1,1,2,56.6
cf91dadab9111371ef3973e8febe8d3ea,1,1,6,92.34
bc439ca267cd182244951ffe206f4feba,1,1,1,62.38
60320e541a6e9dc0cb5919399543f905a,1,2,1,48.28
a3bbe9aebc3d205399f59fadf59e9d42a,1,1,5,133.84
05ae7d6bd78e2a61f4c0076a9d690aa8a,1,1,1,235.83
54798b68c9437a3dac92d6b957c9d1aba,1,1,1,57.5
9a2d9a86d4a7dd97171191815ece139ea,1,1,3,73.06
c6094f6ab0c25eda761622ab09aa423da,1,1,6,269.97
6f21ad30200f041d3f19995a8718cd11a,1,2,1,53.53
86f326cf5027a4aff831e2c80f1b383ea,1,1,2,149.66
e618cc48dc1a9bcbdb3f9743e25a36f1a,1,1,4,114.81
d1f478a5468a4aed52abdbc2d98e0030a,1,1,10,167.74
e905fcbedf011d18698d529c885b7802a,1,1,1,61.1
d482acd4158f2e1d5934bfb325a03c11a,1,1,5,204.06
f29d63dc20fad4b72cce6b486876ec3ea,1,1,1,32.71
c2ffd2b7ac929dd7d29b32d0c9db8ec2a,1,2,1,73.07
ae2834f54ef9bb766fbce5cad77ef198a,1,1,1,32.63
89e9e2248c46410c319d535f06a23346a,1,1,1,41.26
e0f57f06590a2aee981778faa5b7c80ca,1,2,1,425.94
e9e702d3e92379f53b4805d98c094bd7a,1,1,2,171.94
fcddf193880c7919950a36840f0cc4e6a,1,2,1,179.12
6acf2b0f288195a72858fa65ff2c43c7a,1,1,1,132.48
47c06c1588f9c9cb71462e6d39893f63a,1,2,1,192.15
a6f7597815271fe59f9c00b31e6d322aa,1,1,2,123.49
3ff313d5a95fbba4b58f90086504022fa,1,1,2,65.1
3c630824cefd356b7289838656c9cdbca,1,2,1,20.38
2192c6f4e9ece5c4e0091fd7f4dc4456a,1,1,3,603.52
e9c1cd6b45624aa77cf10be70487d8e8a,1,2,1,174.26
0ce94e50ed7d28e7856f3d127990d17ca,1,2,1,351.5
5e76d3cfcb1b71a6a78fabf6ec3ffb73a,1,3,1,445.64
fd4a2838bede5695c44824f56cd274f2a,1,1,7,78.19
4c4a931a93ef9f28f4746db1e2e0e753a,1,1,1,510.12
4db13e29abf6d3e8e492111088e60d9ba,1,2,1,32.43
7ec1a2c6522b9fcb54c68a4f8ff6f331a,1,1,4,93.11
26e388ebc7a8a0fa0998ad6cc4755beca,1,1,7,169.32
9b1e6dedd7de3097acb7948dfd8cc359a,1,1,4,165.84
18d2e92302e58abca7cd07fc8ff2ffa3a,1,2,1,108.33
e594644501ac2bce6c65b6c21b0c625da,1,1,8,264.82
62f6e27aa9ff86022436c5bdfabc33e6a,1,2,1,96.69
48c2eddb1be16ce90bf4a7f93f815b34a,1,1,2,115.46
7258f5b1cf840900c133d9f7192b7a84a,1,1,2,203.52
0668d086b3ae41adde3aed3dacbc8faea,2,4,1,252.74
791991a7db7d70d16897990d39b0a173a,1,2,1,22.39
efe7380fd1ca4f19193a35a028f0ce54a,1,2,1,48.31
2d9196aaddb5713a576a0f4acdf102a0a,1,1,2,56.6
63a1e75d65a3dcb40d5f452a248e9680a,1,1,6,99.8
aef44b8c84ba0725db5b3c5bd7b29200a,2,3,1,50.73
03bb0baa2f30152130d3d5df8e44507ea,1,1,3,448.91
6e11f5b6972e1b602699867fc1d5b6c9a,1,2,1,80.59
e37cb83a77f2c53e5710ace789c66a97a,1,1,2,313.86
88fe6c8d13fac8f0541f004562843994a,1,1,4,123.75
ae213a9f84c777fb7a31e8c0f09fd30ca,1,1,8,398.69
d15d5477cce94ff7cc703231f43288a2a,1,1,1,32.51
488a68f9907cd07802276d560e7f7a68a,1,2,1,408.09
0559598ddb2398bb4c202d6efd54f04ea,1,2,1,27.3
15e76da51e30092973501aec21769ee2a,1,1,1,48.83
f12dbdb6a90508df0f4d102e304c8c7da,1,2,1,65.67
9f49bd16053df810384e793386312674a,1,2,1,1488.59
7b4dd7a1e967f3c305574c48bf4045f5a,1,1,6,68.4
c473789225d03e3eae1a40d5402f1ccaa,1,2,1,108.81
b58613b6198d11176ee50ef1d433bfbda,1,2,1,42.19
ee81daf572c595016b038f9dcf8f6a0aa,1,1,6,238.21
0eb4cf49eff3cd15badb759ac543cd2aa,1,1,1,46.2
457c5fb81a06b09b10e752720b28f5c5a,1,2,1,128.63
cf1748350d5972bde01008c436083c4ba,1,2,1,113.77
4518ab57ad7e9009e40b69c17bc005b4a,1,2,1,77.51
03572de4ee0598b00c48f6de965fcf78a,1,1,8,313.82
d561072d49eab548e70aab56a180616ea,1,2,1,40.04
3c8be270e7e602ffcde3f97cef934376a,2,1,8,37.58
071773cf1c4d6c91cce83af65b9f8fffa,1,1,1,63.03
6396a9281831158e4cdc8eb76ac7601aa,1,1,2,270.88
f6b5a2c1e180d02a3b579941b782da7da,1,1,2,177.25
95807754346c1a01b8040f29f42f74d7a,1,1,2,125.12
2ba9cedfe4113e91c29c82f4be24687da,1,1,1,84.37
0c38c51b8a775bccbf8a0e340be3cecea,1,1,1,93.2
7cedc87ca678cbe2ce928829cee6bf3ea,1,2,1,85.67
6da26425f18bd6e1d4be0e8be50162a3a,1,1,2,72.27
d3ba9cc2ed6bfcb179c9d654974de7f7a,1,1,2,26.31
56703a55199f4784c80fe5e5de71c532a,1,2,1,72.32
7e00454e2e8b8b2e12e9a580ec77f00ca,1,1,6,65.27
a1453ee829c85db898c6fd3f26257869a,1,1,3,35.23
8a456a91c540561a48650b2954977017a,1,1,4,365.43
475c9b166482c7f26c38c7ae858d832aa,1,1,1,78.55
dff2b9b8d7cfc595836945e1443789c3a,1,2,1,235.12
d9c7513b739ea789b1724a5e75695f90a,1,1,1,103.26
a083c58efb31a3ae3e0ec63ccbdc8e37a,1,1,4,44.31
31a49d7427661b46338c025ff2e07d20a,1,1,1,75.37
3a41d0e227b4c6fff055561af5eaca13a,1,1,2,180.33
74d91d0ed661cdf6683637341c196645a,1,1,3,42.76
55af89bd3634844abc96b00c4caa76a5a,1,1,4,128.87
52b1ffde0cd06a4b61dc1229bcf87827a,1,1,5,136.8
93ef5624aaaeded1aa197fd63116d902a,1,1,5,56.88
c1dcb1e220fb7a81105d999aac3e0b2fa,1,2,1,123.81
5322755defeb2e8863500740172a082ba,1,1,8,240.08
51443d57f4db8cd4a58620d7b9a8c723a,1,1,2,159.94
b43a195dd28616394e0209e0499adcb9a,1,2,1,27.73
78567659a8ac9a5615f4dd5b70fd3ed0a,1,1,4,93.19
2246b00cedc24cbba0af186b95a3e885a,1,1,1,467.07
395cdd6553a4735ca1839ba756f6fbafa,1,1,4,138.99
7b9bc6b76ad9656ca99e8e1f2a6d249ba,1,1,8,88.17
31cad6ec7ac19b48d3eca43d624f6cfda,1,2,1,52.51
58065f9a7440bface5400a5cf953ff93a,1,1,1,145.88
3ff74df75d244d7b291dc5a16004b2f0a,1,2,1,139.06
6eaaffffd1626d0920aff38b38e70acca,1,3,1,195.02
eafa53108733896f6f18e2f8daca6f37a,1,1,3,175.33
1dfe970583e8a1a09241aa32a815a5b4a,1,1,10,278.66
b9abdcc7b19ca8ed02a20da7575487e0a,1,1,2,154.35
b74a684e587b26938063adffbe35f41da,1,1,2,420.88
7bda7db3336fe81423dded5d342d4115a,1,1,4,145.98
957109fd6a6321b74f0d9cf8969aff76a,1,1,1,64.55
c89b4f89b285537cd75b46ad90c49a50a,1,3,1,44.2
7c372cacf9e2626dd13cc5277d73c6e3a,1,2,1,37.13
b511d10b7b2e1c6c5da323628c32aebaa,1,1,4,147.79
f4867e0c57823e8698f48f86f5356203a,1,2,1,47.1
a9f360ab2855d6db342c8344cbfa5989a,1,1,1,194.37
00f57f2ccce2a2e3f393fe8f5e616e0da,1,1,8,285.81
a0a4f45a87d4f0655d00a76cd579651ea,1,1,4,219.2
1b4f6e77a7bfc8aaecb66219bac6b9eba,1,1,2,142.97
b28172a3fb839825322c132046f1bd8da,1,1,2,263.36
c8e2288c4eab2cbafdf32fbde78f5a0ea,1,1,3,96.42
27bb59120b021cf6ebad6ea92f289d53a,1,4,1,118.99
4d5779c1406a8459afe82091e0dae935a,1,2,1,208.34
8efd19a2f9ba6e65f7061e74df5d337ea,1,1,3,249.97
96cf7ecd8c676d61be261ffdda90b008a,1,2,1,47.43
c59056a977d611eea46b02572be8c2fea,1,2,1,163.26
1a46a59c4c13f2c52e453f8f490b7840a,1,2,1,130.47
ae335d085e7fb3e027c0943975a839fca,1,1,1,96.79
9a58bb130c8dbe2b6ee84808bda0da8ba,1,1,2,217.86
3e57128c6628df0162aefb87d11d4bc2a,1,1,1,49.49
ab4362fccbf0de9194dc5b7c0ea13585a,1,1,1,133.17
55c424970c57390065af9e2bf5461f11a,1,1,7,79.32
fb1b43869922a4c4faadf387772149eda,1,1,2,138.11
64a52e5a0f31a4ccfe2f4318f49aa33fa,1,1,5,80.34
0d536196878234ebc112ee9c2cd160fda,1,1,1,103.5
418bafc9ec22366d00fdadab496b0215a,1,1,2,51.13
b0df2d550f7ba78eb5042f07ccc1b08aa,1,1,2,267.51
601fb7b5c950f370e9b7fa94529b8880a,1,1,2,462.07
6e468efb1a072c6e6824d7918f2eb206a,1,1,3,266.04
c892dec5d74e3ba28920ec30498fd00fa,1,1,1,34.23
acd0ff1b0e910297101c81d7c9602232a,1,1,2,141.28
f02c97921d050822b79ace5646299e12a,1,2,1,196.45
529803de3fafe0402da504545ed10047a,1,2,1,52.58
e5f6bd268d4bd846621e1c3d99729d13a,1,1,4,318.98
344b231153370562595043fd9747b922a,1,1,2,142.49
bd1e486b080a92e66f91c5486282422fa,1,1,1,86.73
3f4cc91bbcf1a05dbef15d8f976588bfa,1,1,5,52.47
58d3bf26c43675cdcc1a3ac391c06dfca,1,1,2,70.59
cd8a09a7fdc1232c4b96604d9bcadc98a,1,1,1,66.24
88ab23508366bde2dc715c9f05236499a,1,1,6,655.93
b9a505c23bb00c07421e4ef2c9381e5ba,1,1,1,86.56
f5812a9fb42759e8e49d17f11e9d18ada,1,1,4,214.05
d4374a2fe707b60c71f2d8932f8a93d4a,1,2,1,189.83
f7f3e95cf456d7a1ebede3e7c3cce324a,1,4,1,200.02
10119d4db66b009219ceafdedfe38741a,1,4,1,162.97
673005b4d67fb096100f48d7a6cb008fa,1,2,1,63.83
64b30be5c86952908e3b2ab4de5c7770a,1,1,1,76.07
d0654bfcd7000854a697aaee3ff7c5aaa,1,1,1,24.23
8ad43a57bb88d52531c6facae014a8aea,1,1,4,111.78
8c5e882bb85543c0975f68712ea66b5fa,1,1,1,48.7
d017d0e91fe40d6aa17e32f698543706a,1,1,3,57.99
389ac865e327bd982cf1101e0a77ff34a,1,1,1,96.65
23467753c6b8adc01bb4e44445ff272ea,1,1,2,25.69
205f0525fe708de4db2434516fe7c376a,1,1,1,190.6
8d7ab0caaba5e4a2f8e11caff31dfe48a,1,1,8,670.77
b1873e7f1c0220c132db2642ecf2bf1ba,1,1,2,488.16
d9d8dc6068a3a115e15bc276d53afc8ea,1,1,1,46.03
cbd0a0bae58672055c7961ffbf0ee529a,1,1,8,269.87
7bd04fdb3a54efa83cbf7320b1bb4b6fa,1,1,4,213.89
c39b6a1fcbbad48578181950509b1330a,1,1,5,68.97
62ea5251fe435ac8a677196623782c04a,1,1,4,67.35
a86ccaef13b7ca889ab8b7076629a748a,1,1,7,84.48
f1fd5b5e0656641dadc6c541b14e565aa,1,2,1,32.23
ba9626798f8c12e1f020a6d8e40b9a45a,1,1,1,57.21
c6c96aae858cf470816e5080de363e47a,1,1,1,10.17
8ef63805460994636446a1e1012ee8b6a,1,2,1,52.45
a86cb65b0731ea40faecfb11c9025045a,1,1,5,149.83
de852e80c0b14138d06937c2695b4b94a,1,1,1,55.36
6c0819b0edde57ca00841c3d2092bb34a,1,2,1,85.58
bf605ab91479a9fb68eadab4406c8064a,1,1,5,70.89
20fa8f2f9e0e99e74b93545b01a6f24aa,1,1,2,434.32
6a90c84c2efab9939e578dee122b521ca,1,1,1,62.65
7c32a0c8814b54f798f9359f20699633a,1,1,3,176.56
b9ce9285aa642df4742b9839964076c6a,1,1,1,56.37
d8ff3300b44a7aedb4d4ec07202ba6eea,1,1,5,54.87
cd866ebb9aa10bfa70f22d11e82bc4e9a,1,1,5,133.81
00ba57ae98928df6ba6ec9d3d8d4b1b7a,1,1,7,149.01
7a0f0934c14eafa4b5afc9a590b9386fa,1,2,1,60.37
78532cc9bdcc3c18c8ad8fe190844253a,1,1,8,239.34
98484b32a3bbf287f3347e001275ed21a,1,1,2,107.96
0bfc01cee9ffff85b714520ca97f4b21a,1,1,1,82.96
1ce624df940711ffea6e5176a18eee87a,1,1,2,99.65
bb5be1811a54b7c516ea8c1eeb48272aa,1,1,10,208.46
67528c4b8b629d9cbb51da492c6a9ec4a,1,1,1,52.63
d796fb3fcd8046bf2eedc21bcb2e407aa,1,1,4,52.49
681f6998a6bb650120b24343fb7aab6aa,1,1,1,38.86
9ab1853460522b70139bf63d6715f4c2a,1,2,1,241.8
b21727c169d91071518836ff346b0c39a,1,4,1,148.71
c0c08274d7ff03824cbf0377b2a9db63a,1,2,1,22.89
5e105321549880c6b806ccb3605eb980a,1,1,1,291.74
70f565643fc6912f8cd3a42456be82a2a,1,1,3,205.42
3c333445207b077f35c9e81a7e7c7273a,1,2,1,74.63
7a7d63579d59c48629269f0d2b7eb894a,1,1,1,47.3
fe1a5360c2abc136a4ff63ddb09a33b4a,1,4,1,55.28
a932657c2a8f532655a478c7170642b1a,1,1,1,16.39
07279e06272270e7cb604d1901a4f374a,1,1,2,141.35
b3a5258257c3654b78826a31b7bef55fa,1,1,1,0.68
332406cc34a6bcc1ade93cae9e11ab06a,1,2,1,32.43
0b2a86ad4de68092f2026ba5cdccc64ea,1,1,7,184.02
e0281f23b49ca718b12ff1af3140db6da,1,1,5,178.92
d08c7396fb82ad39db681f6692a7e112a,1,2,1,152.62
1d85312d372335db21f7f178c2325c6ca,1,1,6,158.8
bfdd803339c3236164d4fda73c95f5c2a,1,1,1,101.25
9949f7af3885f27e84044841513de26ea,1,1,5,130.8
df51cdd0d48077d8cd198c5033b8dff6a,1,1,4,45.8
11b1470a79108e6d6dde223c40bf2c4da,1,2,1,48.05
08b0cc275164eab92e5797432fa89770a,1,1,1,58.38
d9f134a34fb4b3cfd95550b4785e8d05a,1,1,1,139.93
51cab0235fdd0e37f744024696d8e66aa,1,1,10,514.11
04f87887045aa20403546af3facb8ad1a,1,1,2,161.01
76ce88e33d4fe9f50ad83539cd8fdb94a,1,4,1,52.25
df2a380947167bc1d9d863cf7247713da,1,1,1,86.87
96908b69c6dfbc8e2c29c2a2142a93a1a,1,2,1,70.61
48b126710532d052800a89a6131d40f3a,1,1,2,84.54
46539a2a7ba12ec60ad78ead51805b26a,1,2,1,38.23
498e4c5508b686018306d8d363bc9d18a,1,2,1,182.85
1751f4e14a08d5188324c3a04175f76fa,1,1,1,118.49
4cf09d9e5ebbe0f91ddd7bf9aae891cda,1,2,1,390.9
9d022e549f07ff2c4cfc5401f252f59da,1,1,1,67.34
7be3a5089c1dc43a6943bfb89a249b8ca,1,1,10,971.03
eddcd0974bcd773f5734decebf0225a4a,1,1,1,128.89
6686e93efe206ed03777981a67e8c1dba,1,1,2,195.39
176e0d39e50430555a62ad6d1bb9c25ba,1,1,1,59.41
ad9008d69a2c494944f2dedcb83efa56a,1,1,3,70.43
0036757472ece3dde52fd4bfd929c90ea,1,4,1,203.03
960f1dc42251b4fdfa41d260f5c8e3cfa,1,1,2,114.9
e2517c46af17605588f75af07711020ea,1,1,2,122.53
4d0b1ea51ea051ef9f4765df8148c0cda,1,2,1,156.39
58c5215132c75e7d8226faaf2fab73a2a,1,1,10,1414.7
f43f30b7f0ab764f863d9340e06c3f25a,1,1,4,134.71
321449a02a8bb4029e39f54fe306be0ba,1,1,3,164.01
c314dee9e9d49560087a6ccb64ea5850a,1,1,1,110.46
2dd47667ab3bec7cff8e8a49bad5224da,1,1,5,193.82
03b9f7dff4b5e742b0593472f28ee9b0a,1,1,3,64
42cf52638c4c3e8d85390b79d1bf7998a,1,2,1,204.71
0adf68e8a310f18fc7e75cffa60901b2a,1,1,2,35.45
892bc6b7b20e6f3955f2c64cfacac80fa,1,1,1,1.51
1fbe0504bb91684a36cb3bc56b4f0171a,1,2,1,85.81
21df2b96ea32eb3b985c7c87a398b8d0a,1,1,2,29.22
a33a09b1320a130c61d1d5d9b8aec5eea,1,1,3,138.11
632b475328739ec1fe116b5043c908f3a,1,1,1,122.43
8def5d8e86971efa694dc5192fb2258ea,1,1,2,51.67
eaa2404af4c709b5ed9127f802ee4eb8a,1,1,1,83.68
47435f657d2323e5eb4455aa5bc6a436a,1,1,3,286.02
b276e4f8c0fb86bd82fce576f21713e0a,1,1,2,188.41
0911316604300fefa8aef39f81380c66a,1,3,1,35.84
ca096b7aaeb4fc794c0e4e8e9ad8294fa,1,1,8,147.07
77ef3216467887c78ddec18de86a58b9a,1,2,1,167.14
8bab0782e1f2a9fdc338a883c124f75ba,1,2,1,192.91
0afd81117f1c67a42890fb705304cb8da,1,1,1,223.22
6054d8418ec326a7a9382171632b7a7da,1,1,6,428.91
54278df0bd16da39d1a04b026396bef6a,1,1,1,31.13
1c4b283e95602be28c975207016558f1a,1,2,1,37.83
b75559e68bdb9a0a3526bb2995f093daa,1,1,1,318.93
b198d16d5ba1cbacf02b4d54728314faa,1,2,1,365.6
1ff300a1e66c173fd9dba91d3b3db4d1a,1,1,2,92.75
194a26fbbb1b4e83fa0b65aaf22d99c0a,1,1,1,23.38
d0e7875fcf8fa009f5295ad397fc7e18a,1,1,5,116.01
72f3f62e2e4208804e2c4ed8a28ead52a,1,2,1,110.88
8ef062e9948e67edc62732a2709ec7b3a,1,1,2,160.44
4d72fbd8a8a12d4012b8578725c97a06a,1,1,1,21.04
e7f861ca5d9143d8e586bd85b1aa5bdfa,1,1,2,178.11
020f04b3da1d597b9a00b825762299baa,1,1,2,143.98
127f6cc9849c481c4f0daf043a91a129a,1,1,1,517.72
ce86f3b70e7bb8cd539eaed55e3553f5a,1,1,2,124.01
b71b933941ffe3a83e6fa413d0f73e0ea,1,4,1,335.73
5ae462adc9fc09ec40e8eb915cecb4caa,1,1,1,39.81
fd7ad9fe2a5c9cf444bd25691f4900d9a,1,1,4,165.26
4d02fcbcbf4a19682c0c09fb8fc8005fa,1,1,1,257.85
4fe4c496a13fb35dc73b330ccb988813a,1,1,2,26.39
45ac77bb9af15639d413d76e5d57e3baa,1,1,5,91.57
2ca4629d3b90f42d3590507521005592a,1,1,1,76.58
1bf0b920cc1b287eba4e49c0959b201ca,1,1,8,399.56
1a4514c5462bbdb806d15e6b241c7a70a,1,1,1,40.25
96a5fb2398277bfb8d2854443ac8bd26a,1,1,1,155.89
92d4f9af8eda394387d3eb1ad200780fa,1,1,1,151.05
14f71e03c472d2b37384b55708ac8354a,1,2,1,119.66
663830a477534735bbdec9de01113fa2a,1,1,1,38.41
2b31af271f3efcfd1f240a6ba82c631ea,1,1,1,200.02
929ccb6e3021ed4afe8860fe50791967a,1,1,8,767.33
235d0ef0d8ee3f66ac576093363be5d0a,1,2,1,131.71
ad598503d5390301de7d5cd3b1dc2c4da,1,1,10,203.09
19eb6d9e0eec2ce9755aa5c2a0969eb2a,1,1,1,74.49
f6d56532c36ea6f092b4ebec8ab97a54a,1,1,2,49.02
e57c5c4eb04e271f8cb3de347b910287a,1,1,5,114.31
2799d1147975330e011d0040e6c1f964a,1,2,1,54.95
ecc1c9496493aa972c7bc40d94b2a460a,1,1,5,113.33
633500d08d4de68291b91ac828ef3961a,1,2,1,130.61
4cf65f650cc60791bfb99bbaa418faf9a,1,2,1,66.53
06b8cdbbc86d64ea69af76036c523827a,1,1,2,181.92
6ec56173121c5972d0fd631f0f084d93a,2,3,1,40.65
2d2e008f58649a2e2e37304de7fa1ebca,1,1,2,274.38
89a6292b97c0dd8f29261b64ad8aabf7a,1,1,1,112.24
8c6541ccd245c735762e6dfbeeeef23ea,1,1,10,697.23
7046baacfed62d117699e43e9cc8ee7ca,1,1,3,203.39
575fddcc90877446a5a777b509ac3786a,1,1,2,144.12
dc06d3b11cf4f6499a6fde2c1beda13ea,1,1,1,162.66
b6424d3ecaedf5f49836d503d4f0d671a,2,1,4,422.47
bbcd5aaa84b5c7ef86c0a723182d7a3aa,2,4,1,186.87
eecc7f527a485f35b359dda66c9b3923a,1,2,1,344.96
b1b9a3b7e5a69074065f547c1e98c8aaa,1,1,1,35.84
623a385bdb7d45cd3a9411fcee8e2c53a,1,1,8,234.64
bc1b85147b5edbb7cbefcf5c1bd5ded9a,1,1,3,176.68
9b8aaa74d468897a211fb359950937e5a,1,1,2,216.02
1bfb96cdc9efb4a52f769d2833d992afa,1,2,1,40.37
443f3ab34f06d2d9124cd153812b4ba6a,1,1,2,95.6
a2ac268c7f6bb42562090016bb6ffde1a,1,1,1,72.18
84f9f9d8251eed3b45a627d105aabe44a,1,1,1,20.29
d14da316939ad2245cd4bb898bc45a62a,2,3,1,9.55
45545b0586d46e77f4758cb7a15320b9a,1,1,3,36.46
a5546177a26b3a3c1f39c7c7225a0e75a,1,2,1,313.61
0be2b529a3bc3a0f53bf110c1f01eeb4a,1,1,3,36.35
963d2768670ecd5c585e20b21a3d295ca,1,1,3,173.98
dd26c70e6896e3faa053b43b35ba8330a,1,2,1,150.54
73eca783c104f3d48b1e5c8d5b63be6ba,1,2,1,83.05
2cef31063d49c0d832ca9bd13bbb727fa,1,2,1,47.54
ee6a209ee9b43643f6910b4077ab5e3da,1,2,1,86.55
fff8286f77788ab8b55b2e5747fa7dd8a,1,1,4,40.27
1728847cf9a9a8c5f57a2e38bec5ecf9a,1,1,6,104.12
9dfd8df84d4f07cc8da0f2fa0fe96075a,1,2,1,187.98
866c3d690461371bdd01676cccd0dfa3a,1,1,3,162.52
d70a8dce003d1e26d1d5003bb5839892a,1,4,1,80.44
b7f955dbe116a63ae780222ad1b1da01a,1,1,3,153.02
a1da6725143e50ad30af2c7856a4122ba,1,2,1,160.05
e02e028e7d2ce34852594cbb87cb7629a,1,2,1,110.01
d8e084f74fa06f591e326975ca18a905a,1,2,1,201.29
5f4232203a9f7cd910b49787d7f32437a,1,1,1,50.3
4ce5781581782e1783fb9ed718ab6053a,1,2,1,48.77
5ae50807e27aa5da76c61f26abd3a04ba,1,1,2,170.46
e9bfa573b732937bcce0dfee81481cdba,1,1,2,130.59
7f4eea789244d8b7281f619104c82bcaa,1,2,1,53.07
fd079c0a24ce2138def202fb00f1ae38a,1,1,4,234.47
f84f1918db50161ef8a8d683d1de15c1a,1,1,3,133.4
c7bcf14cf0fa48837a78fe5cc16b6934a,1,1,4,557.87
eeb1f86a9f9c08e3eb0bbb7186dccf60a,1,1,6,79.52
abcf460ff11589e91290e8f95caeeef7a,1,1,2,27.4
8e83e34d39ed0235b3460da4bd082fc8a,1,1,1,44.2
afb8e7d292d49589f6583efcdbda2058a,1,3,1,95.3
7ad517358a6ed9836dacf1bd7cc9dab2a,1,1,1,118.47
a602aea3a8a3551032ed0214a2006707a,1,1,2,138.5
7351ff002cae99e94c0a6a1da562c331a,1,1,1,155.98
6304164a7279cadbe75ba08fcf6357d6a,1,1,2,254.16
5fe5d71d980a06a81a0f27c614ddf0a4a,1,1,3,74.3
fd0d8a359529c8fc086392d5b309d9baa,1,2,1,137.59
d08bba6d656adbdc54eaf30b29532e89a,1,1,2,479.22
5bb6be5ac31d6ab742083dec19b729c8a,1,2,1,29.22
9a5e2e79294284216bd97c19ba039cfea,1,1,1,92.15
a3d09160e24a1850b3ab0d86e6281ab1a,1,2,1,37.36
99b3d468655df7494c3286c020507fc7a,1,1,3,185.64
542b5e9b74a189f238b8ddb6f4805667a,1,1,4,71.26
ebd7da4bdaffcf5891595b0f78707bbaa,1,1,1,32.22
8c9e191de5ee58e2cbd018c2943ff9b2a,1,1,3,162.18
86ea637df14082deeadd7600d8c3ca98a,1,4,1,182.68
24704829c5d1485dea2f9f4c28356b9ea,1,4,1,173.68
189f4fd5230d4cb9093778f1fe5545dda,1,1,4,94.04
5a8c964d59cf60933991dc8ebb88bfa2a,1,1,1,67.24
4718e26e21843ffdf11aec010a344436a,1,1,4,319.19
40b2dd4813a685a119ff6fd2d213ca88a,1,2,1,58.28
7a1b533ffb0d462fbbd28037d3540a13a,1,1,2,136.07
a15616fe830c593a7ee849e4d2f0d023a,1,1,2,67.57
55241c40e4d2ee72be056dc4d17acc5ba,1,1,1,44.19
a3a0cfe6661449e2d725b5b1ff658d84a,1,1,2,92.12
8264f3d37aec1e2076e41b2af5cd23aca,1,1,2,59.89
478c69b6c0107cf696d64c524286ff05a,1,1,10,104.74
fb963833d4480071a9bb9979022ea6ada,1,1,1,102.93
5b15d222685ac39d3110c61bff09b6e6a,1,1,6,137.75
ee09dcda8e3b3acff396f084582c8c8aa,1,1,3,142.97
ac17f36b9ec35c47dc44e96558d33dc7a,1,2,1,745.69
3d352a1e37d7eabd08d9104244fa0e21a,1,2,1,152.88
1fb40f920a832437e543e136c7a8b050a,1,1,3,234.61
044b08f176981f660b98a85c559ad57da,1,1,3,82.56
fa98b69fc0f7e0d07b0f1a54cd42ebfba,1,1,3,602.35
3e3a2f955d45f35c654bd13bade8e0d3a,1,1,3,128.77
76b38fc94d93c9aa8d4f335f8ba87128a,1,1,2,169.24
55bb79b4227dafa41a25a45e8462c7b5a,1,1,1,79.5
7451bae6c17cbaa82fa2bb466c97cb45a,1,1,3,76.42
d243808e23f60f3895c6a696df710642a,1,1,1,188.99
242a0801712ac98aba33d3db88344ae0a,1,1,2,199.06
a31e3f43f9ed2f1d94b0748bc723b899a,1,1,4,52.58
84960d31af78367051a7134bf7b64f29a,1,1,4,90.18
6c355e2913545fa6f72c40cbca57729ea,1,2,1,540.76
44d14514a06127f72cd96745ed0eed21a,1,2,1,44.42
76600853a200fe87e141adae6b35674ca,1,1,3,108.33
020347f6d056bb4209b3ee4711d25f1aa,1,2,1,128.89
5fe019f7d1eaebdb3da79811a3bcd58da,1,1,3,33.51
b800ea6bc1a4ef36509ee646e9fba841a,1,1,1,79.99
e23156a0a06f554615d0ea438a5914d0a,1,1,1,874.33
6b7c51889439d1226b105ac94db9688da,1,1,6,153.1
f55846241ee01e6a5d8401e58d5b6c77a,1,2,1,186.91
89873d5ab718995335d753f97430fab5a,1,1,1,67.43
711446e2cbe250789dc7b3ecdfce793ca,2,3,1,150
7e7e972164339f32fadecfdb2c4e93c7a,1,4,1,235.83
66565684fb831da6924e8cb4b0e1c2aea,1,1,1,87.52
1c1c151fd9d7a589bffa44635f4f1310a,1,1,1,45.52
341dc4ea81fabe7de6af564b72fcf3e2a,1,1,2,162.63
6f160d3d9d471193fdc5aa47198ce815a,1,1,7,204.4
4f6f8c75279983d2c39ca23fca81ffbca,1,1,1,90.32
b560ced1765e243b3ebf765d80a8873da,1,2,1,277
982210beec2a93bef93d48a68cd2c184a,1,1,5,285.16
6a5586aef88bff8c258fec8c11a31e07a,1,1,1,126.43
0d4677b0223bd9ec9dc8182d6afa70aaa,1,1,1,94.74
de73bf52fe9c690e54d761233b780398a,1,1,1,139.17
35152cb67f98c4fdd13067357f357b27a,1,1,1,108.29
66f2c4c74ef2402a34e32b0156a627bfa,1,1,1,76.5
0a0d25405f3880fbd46619f0852c250da,1,1,1,52.35
2343dbf79839ce221f3e1ec059cbff9fa,1,1,10,140.56
bda3c40c66117ac3211d4934f4a43ec6a,1,4,1,20.06
9f45b5e1773ed29430665b04170dce4ea,1,1,4,317.47
e59765e2c90f66afaf17da77d1a658f2a,1,2,1,129.19
ab344aaf7040ad7bcee8c7ae7db9e87ea,1,1,1,63.93
3eff3be449eaedf0e5b56e9a7d35bb82a,1,1,1,209.36
a0bb81fda7cf88b07f9a884c1be7ba64a,1,1,3,87.39
70fe29ac539dcf0cfded8f408043d124a,1,1,3,40.27
2e1934467537a71d1ef09726c4c27b11a,1,1,4,98.66
7da502f694a6d35d21b05492a9a315c6a,1,2,1,130.75
0fe8aad910ff05e73b0ddb0a89e61b21a,1,2,1,57.37
50b3cc3a81862626b3a95451c8928e19a,1,3,1,90.7
8db2fc638531a7cfacb4b905716ab6b7a,1,1,2,176.7
cea503481ea27c2c550bc48e007fc0a8a,1,1,1,42.53
bfcfc352185cef17fc3a748ff2e921d0a,1,2,1,172.76
6a4e7db21066dff2d18a84059245c6d1a,1,1,1,38.74
318fcffc93b531c0230bb8c1ebd018c4a,1,1,6,441.04
d4ed3d242ba3c0082668360172454c65a,1,1,1,63.55
ceb206889bfdb174fa5455fee822c210a,1,2,1,44.41
079034c04662f3d7dce287df9e4e5489a,1,1,1,47.89
b8f4980c2ec178504101b730e4e49918a,1,1,3,115.67
4676e642aa92a4ba1131e935a2ac6246a,1,1,2,111.83
84d1b2c4bcd6e1ea29456bedb6b6530ba,1,1,5,118.35
9d4c848f67a05d1b2d6f9f9fe1c932c8a,1,4,1,92.76
bf0d67707bc87fa3fe2cf74a1c2c693fa,1,1,4,126.19
5aa89bb7eb1a8dca4d70fcd37878c8a4a,1,1,1,232.35
2418eec7948d10d05ec9a51308920227a,1,2,1,102.53
f11b670018cde48868c96b03c4d3d1cea,1,2,1,411.98
85c6b7c4a9bd682b29898b2ebbcf2e4da,1,1,1,72.97
1105262adc6ab25e5b789a33ea9e977ba,1,1,1,32.79
7091b998662c89051acb6bcb57cb43a2a,1,1,8,287.65
0b0f3c7a9bcb6ad1fccab28f9240da6fa,1,1,1,96.47
a08e444c29fa117e22e5408c3ffd6646a,1,1,6,145.69
7a8b9a4ee163fa0b06377953101c8085a,1,1,2,97.61
65312c6e4ce03c0fb633a4ac541949d8a,1,1,1,68.59
33155e3c770d0aeb3c0e7d431e6b420da,1,1,3,103.26
8b1789e10f33bfc4af50c1e39aae50f7a,1,1,2,55.6
ad716a0d2ae795dfccfb3afc5d40a6e9a,1,1,1,94.13
3fd458f81a4ab505469540d26bcdb598a,1,1,1,120.31
88765c7c25c8dd40cefcd887f3c8cd8ea,1,1,2,219.57
838134390df33aab81a8bfaf7260b61ba,1,1,1,217.86
89386a239475a1cd440505e7519404cca,1,1,1,63.01
7fb803b61e1301dc6887ef9d54cfcf26a,1,1,3,1237.28
8b6746478f6b44e7b76097d1c2f4dbe6a,1,1,2,128.24
2e55db958a20257bc57183a4e74e6b47a,1,1,5,63.99
d9d1223099e5613e5667e557b4b4f075a,1,1,1,171.03
1a8fc490b877717c9f69454713bd778ca,1,1,2,27.39
a2dbd93b24fc7f52962452e1920d2ec4a,1,3,1,77.53
38e44f1c4cba91d352a62abf15ecf119a,1,1,1,71.34
abccdfc385eeac64f4e5147bc7d9191ca,1,1,6,135.38
57cd49d9c9567c5ef10439c81f9a1836a,1,4,1,56.6
4bd17c85bd06ed500f1619f6692ea8afa,1,1,5,51.85
b461e43868116fb81d1d91959ae5ea65a,1,1,7,91.78
dbf5aec766985e6f34f73cc4560a5123a,1,1,1,96.42
f7040a177f3827f17f94bd8e437869ada,1,1,1,78.66
59dba471cbd7e791c3bb0d83aa705c49a,1,1,1,61.98
31387068a4e9c19d93f6e8b13853bc46a,1,2,1,24.39
ffa4713aab0ab633f0f6daa12baf90cba,1,1,3,106.76
bb7ec3c89a7e6653763308a7c4fb5c78a,1,1,1,52.58
ad1b9aae3e8a03190849a015fd26429aa,1,1,4,44.41
ef785af8a54d7e978562b94e0e20e6aea,1,1,8,289.78
7150a9da273995bcf6c7c5beeb3e5c42a,1,1,1,100.06
d28b9fc7e25679fbae70211d38a44518a,1,1,1,98.61
17cc50afa3f8797f14bf500a65230845a,1,1,9,98.9
1d5685dc33b104f71bb3a8709255c729a,1,1,4,213.05
ec6c53fc2c05b76708b23286ba2d9357a,1,1,2,229.04
e439b72b2d1f22819e11acbbc8102216a,1,1,1,88.54
9029828c46806a8c1e1570eeba9bf9b1a,1,1,2,30.68
d47275f7c8f1c128471944cf03903a2ea,1,1,1,63.93
9ac6af8b99d3bac9717dfb60bfdaed60a,1,1,3,64.16
c5e30f4818a17e20a66b7277cd2eda07a,1,1,8,103.26
9ca29d49222112b86ede739f9a9dfbeba,1,1,2,106.3
7bf262f298d3a3e62a691b4bcb82916da,1,1,17,177.99
58ddcc041323f47709f7e0b0a461c466a,1,1,3,193.41
036c6f5c3d6a81192f4896ddb2c00c83a,1,2,1,76.11
7be2814aa6db9f9f8652edee423f5863a,1,1,1,43.52
b6900b09afec4ea5ef8879a9b1e3881ca,1,1,1,174.73
13c0445b9e1b9ebf53dc83fce3600a36a,1,1,6,163.69
fe9d220ef122811f6078f92ee189d144a,1,1,3,37.85
ce101c122a22608be5d6ba81b4a08080a,1,1,2,48.21
44fdca9e41cfd8248c3ac1e369447effa,1,1,3,148.23
9953966666a1f0ea583d94649ea21344a,1,1,1,151.7
99d63f07f1159c807e4175e692a8a815a,1,2,1,93.54
d3f5cac5ca660216eb21e93d54e9e384a,1,1,1,88.71
3083d0620c7cc835cb4c90a8b4895edaa,1,1,10,432.54
ba7517020cc8cdda51bffbd30bb1b781a,1,1,2,160.44
31f1be86be8795e41ef55b592873ae37a,1,1,4,234.31
fe627312004674a9606716ab2feada47a,1,2,1,124.74
40a6bf502702fa0bfaee3ae436b554eda,1,1,8,116.9
3f23bdebc73fa439fcd2b1b77fbeaf7aa,1,1,1,126.19
213387d0c127ddbc06eda8fcfe0c6603a,1,1,1,68.93
ad7b0c3373368e658cc9cf31893c6413a,1,1,1,26.44
0096668e5b0b8e9657a6f7209a4e58b4a,1,1,2,180.37
54edbcd83d8fbad3487e450926ce78f0a,1,1,1,221.48
d10768b753caf92effee124437f14321a,1,1,5,1223.6
20a3853f94a36870c5eff11d407f01cfa,1,1,8,367.11
053228d082dcc4c3730e511ecd4c9fa0a,1,2,1,108.87
e5bc6c7594c02f53761ea092c5c9af1da,1,4,1,161.9
53c31e515549ff8d58c7e4bf134ea258a,1,1,1,44.88
16ac52984591a32873cdec7382495c2ca,1,1,1,32.43
27bc27fbc876aa11a925efac34583f63a,1,1,1,55.46
3476c2981106727d1a374f31ec932b95a,1,1,3,336.32
f44845a8eeec9bf829093ad92c846c09a,1,1,6,69.69
0d7ef227c3cb5f6a3fc62c0beb5e11cda,1,1,2,43.26
33eafd0ea4c37147b521b67b83b6769ca,1,1,1,93.89
a59244db9c00a55a76803349b21f244da,1,2,1,184.91
6023c91a14d68c5adb556a5dbd2e0f84a,1,1,6,65.7
bd538b23115ef07a07199e3e2bdc2d4da,1,2,1,65.44
d99c7464570fd548f9936438c57f394aa,1,1,3,164.91
27d17edfd5ccc5524ae9a11fa1d2daf9a,1,1,5,172.16
55145ed5b3a494a64bc8a013c511191ea,1,1,3,159.02
f222fcfc65ff1398b47dc51ab30d8d60a,1,1,7,531.16
907d60e687ca48a571844a50f21ac995a,1,1,1,51.32
1cf471f71a04b68d1cda071b51d7e391a,1,1,5,115.46
88e2adba13194300be8cfaeee4512133a,1,1,8,188.89
1e51b2b229678b37addbfeb359d0e3aba,1,1,3,171.3
278e7730f7062014d198fbf20451b935a,1,1,2,121.31
177200d363504ea94b5064b05929e2e6a,1,2,1,206.68
ac2403ebd2706b3bd5399ac7ef4ea9e7a,1,1,8,106.72
d1bc18e9f697ab4e206197e4ee23494ea,1,1,1,29.4
af79819a5f90540c8d9a0eb9a4ed589ca,1,2,1,34.63
6bc824157c599390bc2e129920bda169a,1,1,3,74.51
d73c0976dbad3c54466df6b139b1ef3da,1,1,3,37.37
78d54cc2c9c87e4bc2a38d1443d81cbda,1,1,2,56.07
0faf8d02fc7c032316ae70b90e6e1feca,1,1,7,388.51
d1437fcc5adf19257e6e1bb890b6c94da,1,1,6,139.15
a111e0cee7dde2bb68cfb7cd18a8a914a,1,1,1,5.65
372eb74837659ae6a3bc25f662bfa2ffa,1,1,3,69.25
15b5597f4ace3db6ea01c54d433187cea,1,1,8,414.04
c91255e49926cfb63353034df59a25d5a,1,1,1,30.69
808a117545d27f5c0ea7cad158f70600a,4,3,1,16.48
624dc7bbc5e8bce830fd84e8ba75da2ea,1,1,2,44.41
7059e298ca1c44f113a32fe9719bc4a4a,1,1,1,41.13
aa0b425987bdeae4a29c616a2bc3a08aa,1,1,2,631.91
31827c49aa741fe6dc05ad3f63fef4e6a,1,1,1,84.7
5552927954803697ef5ebf1431693061a,1,1,1,155.98
ca9012a0bc23f8c1b5be9b7e4af8fa5ea,1,1,1,47.13
5f660ee09541ecf33aebf89fb061c4d9a,1,2,1,194.34
ac05f13680c4e4da78427313ecbe0a6ea,1,1,5,246.04
c62dc502431fbf54699cf00a9e938688a,1,1,5,264.52
1bc159c29e3f54a9f2d4d2bdaa45b5dfa,1,1,3,98.12
57241955d7675fbc53a892e7e739da68a,1,1,3,60.31
3fd2328e67f3fa7eefe3738b5eccc86ca,1,2,1,197.58
22d0b79a88fe360e41471c8477379673a,1,1,4,78.79
82857312ad869f872b950b616dc58273a,1,1,2,122.67
43f9a3d3e9d95525bfce717e31f72a56a,1,2,1,83.82
1ff6ec2c3e9d8820643f43696482d2b9a,1,4,1,246.61
0b93ff37e8344c6013bad16484c7fbe4a,1,1,10,1221.28
af0139a90e4b6d6681ce1d5c02db67f4a,1,1,1,81.51
5af5569e61eae15d683a20b707882e60a,1,1,1,96.6
3b1f8d68684710eac0cad28d412dcaf8a,1,1,4,88.29
0b468af2e7c3af5bce986f443aa69083a,1,4,1,53.58
8fa6f30389819ea6543a643faf9ad7e3a,1,1,3,283.02
ad0c8220f99f61bf17c26f4732bda83aa,1,1,1,58.28
8aed60ebc9e0c32365fe7fcbe6138592a,1,1,3,65.12
10a44d7bc8f54ea814e6020e0f3e5fbea,1,1,7,91.23
04b7f4eff7b30fc23df0be1f249113a5a,1,3,1,26.19
78d406c93c4c8fcfdc38b4b1b8842b9ca,1,1,1,75.06
ff92e046b12e7380a5a54db4e3fdf615a,1,1,1,31.94
cf11662629878c4c564fcd1c86fed868a,1,1,1,207.42
da3a18a5159dc21786d4f6726fcc51e5a,1,1,6,232.5
d48044395576c3b0d752662aa20cece5a,1,1,2,71.39
bb4eb3e71b30365a580e5a718bd8d1aea,1,1,1,175.06
8c8ebe7dc2f3642dbca41a627402b39da,1,1,1,28.61
fe850e3531d2e102d8d58b4403fe8069a,1,2,1,101.27
fefacc66af859508bf1a7934eab1e97fa,1,2,1,6922.21
a6bb9d1aab3f3b84ce39c8164836fc87a,1,2,1,89.3
c4b59df9433d6b495858b721fa6008d4a,1,1,4,97.59
c82e3eb519fbd1983966e7c8bff4d6cca,1,1,4,336.67
ac13d782734edd6b595ba54850c1431fa,1,2,1,108.75
4548b28532019ff74082bf5b5ab11410a,1,1,1,107.72
71cddfd6e49811c604b95c4b69c4393aa,1,1,1,50.64
b8cc2632c865859a6e27f3955ff5e549a,1,2,1,84.59
140e0c65673552d3d1832a4d8e16d6e9a,1,4,1,78.64
f8e0d73a0d29119847eef26cb525bf16a,1,1,1,32.43
33d7b87dc8622d0482074d8b653f3b08a,1,2,1,149.03
2c8bf07fcf5c57d898ff1797efa33379a,1,1,1,29.63
346c0a181df97b0776f3d7d4a2cec70fa,1,1,1,30.93
25f606824a2b8532c1d6a6d38f501b02a,1,1,1,23.78
2798536d668b2d5071ab9b2ab4f7a7b0a,1,1,10,227.72
cb668af8e8de760052440b117748f7e6a,1,2,1,87.32
b3c2fc7374cd5dbb27c84f1a0315594da,1,1,5,102.35
52a2359e51fb8624aed7515a20a1494aa,1,1,1,99.65
a84a0bd528e053f6b266e21bb1111e3fa,1,1,10,335.35
a37ed53c21eec1edd358833c1900aa78a,1,1,10,285.74
1e7e7546d7c254379fcbf4d36cc18589a,1,1,2,224.32
9845d84225d361cb655d4963c6aeaa87a,1,1,10,168.5
f23026c2bb8bf3bb814eb4454f169f51a,1,1,2,73.12
deea565ebe3196a7408232c8bb0ddc0ba,1,1,1,132.9
6ffdb56df83717770ba1d34001f4686aa,1,3,1,37.54
3ec6546881c0f5dbc6fc2054c706c3cea,1,1,1,39.06
39a19ca7924c05b31bae58f41df9ebb5a,1,1,4,44.78
41fe5122a99e994da33095efeb38f8a6a,1,1,1,17.29
90022e1fc840350d2f9350866969521fa,1,1,1,155.98
fe64eabd5c2ee60296c45eba2835b9efa,1,1,13,138.94
00b12f4674177ef40c4bdb034138c843a,1,1,1,122.87
cad185f8e286822c1fd551bcfc659ad8a,1,1,4,58.9
cd152c10c2b137322bd87555c0553c16a,1,1,1,87.81
227a77cf2c1425f0207076c524b1bb5ea,1,4,1,77.91
7d5f9657103294db1e017f49a5e06c50a,1,1,2,44.37
ee3fad68d0f56d60e91a2363ec879e44a,1,1,5,264.07
d884c6a73ee6bc49e4db45abae4f3490a,1,1,1,243.55
84a68a1498a47dba0c79396d53e46b9ea,1,1,1,47.53
8855d9953624485990826e20fc9fc2e1a,1,2,1,72.38
8f9c062eb4d6a81cd9d24beeb532e0f8a,1,1,9,97.46
02c8da4642d8bb546d022a0701ea1b5aa,1,1,5,153.81
1f7ca128c2e0034d8ebe8a38824c0db1a,1,1,3,46.29
61f26d1fbc29fc8e6d6bc8ba373e81f6a,1,1,2,52.04
7abe0cad12e4aec0091551e7153275d3a,1,1,2,217.57
364aedfbbc0fa797cdee61d4dc4d2dcba,1,1,4,287.11
ca90e0247838f37e708b833b004ba84ba,1,1,8,382.14
621e872311397c42f0b553c82785d56ea,1,1,1,42.48
c17bec338f030a3c554f761083f037d1a,1,1,5,76.6
b6bb5d08beeff5a09c5af18ebca9f072a,1,4,1,21.33
2eb148d17176fe23318301162e290974a,1,1,3,192.03
6ce2f6c46900d2944aa402979ff81e6ca,1,1,4,117.45
0f75a37d009ad9d4a48e51e7cd1dff46a,1,1,2,278.85
0068fb0e223115e911d362627e8b8800a,1,2,1,91.79
b986ced186e623c3fa979ee09cb4d300a,1,1,3,197.05
b446a93ccd5bf1a2c97c4fe3cdfe2707a,1,1,1,72.95
7e41633529000f80967da24083bb6c1ca,1,1,1,12.15
8d041d799681ab5221f1fd956d1d59f7a,1,1,5,154.9
d2b03101f40ceec33aab383966db0328a,1,1,8,216.4
7bc26962535d2a6a7f34041908736df5a,1,1,2,123.75
4eee637d6e745237adf560dec7ae412ea,1,1,2,143.54
1a7705c11f9e0ac39a2e86ce7c49d089a,1,1,1,51.44
db7698489d1a82bb9b7d8220eae5f708a,1,2,1,76.6
ddc75e18227aa517946c2239d18d1300a,1,1,8,234.47
8682a030870edcce6a8b8299b68aa4d6a,1,2,1,48.93
4f3a6e28d764cf896b1fceb0028422c8a,1,1,2,122.05
d896771c13346a1152e08d268514f544a,1,1,1,268.84
79581b0708489f6f9539c0d29dc53bb7a,1,1,4,100.41
669680ec0096baf96bb966401209e3f3a,1,1,3,193.84
08f77a9d173ce275845e91e81500838ca,2,3,1,50
31938103922393f681c7f0c0fc14cd20a,1,2,1,151.7
47c1158d35b8d9f0453d5f2ddbbcb3b0a,1,2,1,73.5
2897ea74f9139bdcd87a8d18548af8e2a,1,1,1,536.3
5c41c8b1cb46ca2a7fdd390e960d9adea,1,1,1,110.74
df1fb814cd2fd847abda026285f5c4aaa,1,2,1,258.56
f9ca78db37320d8b51acd2e6eacc3f22a,1,1,1,536.75
97445d49acef660b9217b07d0fc1ce3aa,1,1,2,145.99
8d10435d438f4f2582d83a8cb0f007ada,1,2,1,118.73
c69f7508f4c5846fed84591077e583c1a,1,1,1,47.64
e2101b7f68035b709716010fb28abb99a,1,1,5,153.56
bbc87de149eab80106f390cd7014c3ada,1,1,8,87.81
984b33682c48ca8bfd773ebdfd0161fea,2,3,1,329.02
c2c8a6bf69f9530b40dbe6b53119fcd0a,1,1,1,41.88
8849f02bf66502f56ce8c5173bb954dfa,1,2,1,45.48
2e902692c167fd257e783627a147da98a,1,1,5,108.74
a02645d92386768ae0cc1869eddcd6efa,1,2,1,27.37
27704e7d86a04739ad6b19bbc202cd4da,1,1,6,73.07
aeecabebe0b93474b9f9cbe9c54e054da,1,4,1,138.64
ef4f4e96809e911e8a0aa7f8c412aed2a,1,1,3,60.42
2e514f06a55a990840cf3f7131b45f55a,1,1,6,173.17
e051aa19f5f2e6a98406c005cf5c656ba,2,3,1,63.68
5460a05579eef48f6c8d54ca6c3f2249a,1,2,1,249.79
267cf5d5f5d44907ac3a107257c47290a,1,2,1,108.83
64e8072af36708bc51f7aa18eed8ea34a,1,1,3,177.1
f25bd9ce4a4433355f6011c1a262c49da,1,1,2,47.76
be3a6032ad2e0e262351e84d3db872daa,1,2,1,38.16
2417db4d82cff6b4bc6ad4da31cbb102a,1,1,2,72.18
782c1d4000bc7ae3d9aef9046000c4f6a,1,2,1,489.92
06f38dfd220e723c33a775d36f5d2756a,1,1,4,249.14
e9b7d628e6897f747062f1e7236cf4e4a,1,1,3,363.2
c5496b624a2992c280191ee51a5f0650a,1,1,5,118.35
79e0593968bbc9f0599883ee0266dcdea,1,1,1,45.3
f9b05369b4ec092bbd3b32358b71fefea,1,2,1,63.16
3784bc92c8ff0ca207ed55629e5df7e9a,1,1,3,77.75
c5dc3239938cdd5fbaa0dae29b966d2ca,1,2,1,68.15
08cd76ff1d27c6e6c522bbaead822fd7a,1,1,10,166.35
d6a043b1faaa04d723fbbe8b015f0dd6a,1,1,3,193.19
73b1defe09cb47bd521306b506af7d3aa,1,2,1,664.76
06d1315b8f0db57ee04b47b21db6626ca,1,1,2,169.72
e1d0f82fb7dcb6e5efb48ace3c44734ea,1,1,1,77.65
e9d8fe23d3a29a599625b57e5fd6766ba,1,2,1,103.48
a2c9ce528c29a470d38bc5085ca59584a,1,1,5,187.15
f74a620e4d4599312c1832ca0afe0588a,1,2,1,48.81
c3716204ec5bc2bc5593bee858279148a,1,1,4,88.49
6f781fbfaf95fb90fb59de9f72e78e5ca,1,1,3,48.21
8ef1cdf601ce23c589774e6fda185587a,1,1,5,331.15
e38ff07f7864e8fd4fd51687cba79d89a,1,1,3,72.46
1a5d26539a8b09797d607fea0d449412a,1,1,10,142.7
6fabd639eca67c59f7c8e191316f3b16a,1,2,1,53.37
3d6649f7e65c20a889ba38be4a54fcd3a,1,1,3,224.57
9bf46e862461052ae9ad1134381e63d8a,1,1,2,58.28
37c647851a4d30342bc4dd9ec8c95861a,1,1,10,182.46
53e0f6555268ce0f38604a0e81e774b3a,1,2,1,39.96
003edccf16bc5ec447f592913b3df2b4a,1,1,1,64.85
c9e7721790d06c21ff6fcd2dee7a2f73a,1,1,1,120.95
3823f120a83e20af66f49d377207bbeba,1,2,1,23.19
24314a5179e85ac61885767b0a94a0dba,1,1,4,273.02
d4eff6641558ecdca48ded390ea2e5a9a,1,1,8,106.75
c594693c5aa51b23bb8188c28a81836ea,1,1,1,87.42
c33421c96efacce72747c9208101259ca,1,2,1,227.82
27f77f464517bf38aeed1e2f4ddaba87a,1,1,1,399.59
207ea151b652a5aa335e64d908d9e0eda,1,1,1,35.83
44411d47c4ceddd847c094ee77fcbf45a,1,1,1,37.25
ebcf66c1607001ac95cb9c83eeb8669ba,1,1,8,233.87
c7cdb5ada4357751c31d84f94d1a14f7a,1,2,1,167.15
6264cc0ad74f0cd5c2133590679c5284a,1,1,1,54.87
4a3798db024e5f7ec925bd803ec5567ca,1,1,2,186.24
a7dc01ae91acf2567d1367a25ce303e5a,1,1,1,53.37
e7ec2ee871d40f0b32fb471cb07ad239a,1,1,1,79.14
66d494f1ba392f6f1538dd344dc22a3ea,1,1,1,32.33
f1291b9030cb24d45d1b2380a2e2950ca,1,4,1,48.72
8c3fc6bc1bb3cd515f5e18c50935c472a,1,1,4,188.18
1e67200d1a2ae06bc9830fa7b62d8b85a,1,2,1,18.06
4c4eee79c7840ec8454f89b456967067a,1,2,1,37.47
733fd3fbb07ad971f1570aa18efe747aa,1,1,2,189.39
8b02937454ecbf39dea9989375d931e3a,1,1,5,141.19
4df92d82d79c3b52c7138679fa9b07fca,1,1,5,109.2
830e8ecaa817b531901cfa5dc4a68ba3a,1,3,1,111.17
93b5126582016c562322518b8b504033a,1,1,1,126.9
79c886043a847d8d2e58c43a1ec1ebd2a,1,3,1,126.36
f1d18fb87d755ecddcf4c37e141aa4f0a,1,1,7,73.52
c37a9a364fe07bc26ad03f0b4f306aa1a,1,4,1,247.99
317eaa9a9846b9c1f08c1f38d26bab63a,1,2,1,87.52
1091b43c860fa7d9cea917d1d20dd522a,1,1,4,199.56
783063a2c412e7e731cb43a35fa4b8b1a,1,1,4,147.71
5b113b47da093bc2cbbc7797aeee7994a,1,1,1,43.4
c0bcb62c1eb5956ed1d7cd6a8c80ed47a,1,1,8,88.26
af249ad76f0a378300eb8de655b82166a,1,1,8,540.79
8ae7fd72ee36498f96e1ee38a3e1419ea,1,2,1,294.97
5471d5c0cbff5d04724a56e49cd4d308a,1,1,2,217.88
c86ed3d96b3e082f9cd03138001af2d6a,1,1,1,56.6
ee72ce44903a7907d3c84f46ef2dd863a,1,1,10,170.44
d98b754dc197354be163fe4f75ef28fca,1,1,8,123.68
1c5e3d274e2a344cf83867e03db6968aa,1,1,5,63.79
9d631d0cc9297702e540a111de4e0923a,1,1,10,186.37
4a99025f5af0af1eb1b6602980ae4a82a,1,1,8,196.36
98546163385352e1876cead1613db3d1a,1,1,10,256.77
e34d7ca05296d868e693409be6a45d54a,1,1,1,85.46
9c77804d4075e1f321c74f7a62d1d016a,1,1,3,134.73
4051361e504d383142b6997954648b9ea,1,1,6,127.56
9cb69ff0cd93cb4624576397135d5b52a,1,1,4,51.89
7d1541a6b298a1d3e07f889c595e69c3a,1,1,3,170
f3ae2fe3a1567acd0f43f0c75a07edd7a,1,1,8,172.16
bb724065b1587966bc6e4553aeb0b2c6a,1,1,6,133.84
484f11db440188250fec53abd4283294a,1,1,1,63.41
79c25882bf9157a3e38e7edb7c3a7286a,1,1,6,339.03
3794a8409797f2c05b177f54e4105c69a,1,1,1,93.71
6ae5b953bef57d8a29a1c49e03807e82a,1,1,1,86.05
58346246ea802a21cb34124ed2326770a,1,1,10,210.28
0eb2e52e71b7f59b62ea59b139e5a254a,1,1,2,107.85
fd3a02bb749359b9e6a4126cd8a50822a,1,1,1,30.2
b41055f900d670bae8cfbf3a8df79d8ca,1,1,1,48.93
214ee2e6750c4a27ac6121b731034858a,1,2,1,88.44
65cd98722f032097d67a7f2d9c97e503a,1,1,2,175.16
838f8e96cf584a1d8d22eaf7143c7772a,1,1,1,30.41
f8d4190f8951914e3d79e7b6b7871470a,1,1,1,94.04
4bcfd4cbbe95542bb16ad7ba325e2dfaa,1,1,3,39.75
d813e348dc770d6502142ea26ace4156a,1,1,1,72.72
38148c3810e7b739572bd17e7345de0ea,1,2,1,38.24
67f38c0b9d8a42541af92de7b6a19ea5a,1,1,1,30.42
964d7960d6a2fad0dbe19f9365bfac2da,1,1,1,148.6
117a6f28c5cf04526b4869a9291c9d61a,1,1,1,66.47
a54a65531feecee80712fac10405795ea,1,2,1,88.49
d10503eeef371049c26e11de7d6552dca,1,1,1,32.33
612200d1732f963c7706d8da2517c04da,2,3,1,100
9f1887ee4f71cd4db972aeac47ca54f7a,1,1,6,262.86
ad2cd0c1191ac47da3a52b1bf112b391a,1,1,1,31.89
dfe408de79271298c68699286c267169a,1,2,1,84
bb30c3299c36702316a4207b8acae69ba,1,1,3,62.56
70a988768d7dcafd6284577743090bb3a,1,2,1,142.24
cf9bb4d37d0b4a4df8b2d95bc83a1539a,1,2,1,38.04
a2537ce2ae2da31262ec49c1b83cfc78a,1,2,1,35.14
cc2f534a432b33d1e7e67204ab44f662a,1,1,1,97.43
f4f81d9284f8b6894f76d2a8fa524467a,1,1,4,112.32
f723bed53ca7e20f8a052677b83983e6a,1,1,1,137.02
93a955b7a775ad2a9a9309557360558ea,1,1,1,47.53
43f65aac05e035a88e4479f89cf12ea5a,1,2,1,151.05
9f454dbf0163ac092c95a1e3cf9535cfa,1,1,4,72.5
101625de5f3ea8064a2900b7b9235491a,1,1,8,174.13
0f34156bfdc1f9ea431eebf0b9343d42a,1,1,6,114.51
3d81523ba23d554cebc2ce14e9db898fa,1,1,5,129.86
b360e877916b9d6b03877df56551e4dca,1,1,2,52.13
85ba2d8c74a7f713dedef40f2d926fd1a,1,1,6,139.14
d84dce79fd962faab40bc1d4b084d9d7a,1,1,3,177.11
aaf2a2f9c59483fb9eb7d044abcafc4ba,1,1,6,132.91
b9bac4395416779d29e17d31e06386caa,1,1,1,129.49
b13a04ec39b8bcf8de9bd5626347937ba,1,1,6,123.75
a648a1e4045712bdac2d6c2524900a13a,1,1,1,41.98
b1ca84d7c69ec44b1b45786605a47832a,1,1,3,78.96
837fd76b391ccd40162b81fca0334e45a,1,1,2,91.64
d16083ed35e57acd01a5ce52c16e5349a,1,2,1,89.82
93bfa8d308b3feeb69f9ab51f55b5987a,1,1,1,87.81
052b00d65560313221c5692cdb22fcb3a,1,1,4,196.16
74322a01b770c2ea38b56ed4c96071dfa,1,1,2,182.16
171a1f1ee5fb6ee190e46e3a9dbf85c7a,1,1,5,262.68
38934582b8eedc324fe26767c76fb63fa,1,1,1,66.17
8f858c47e49820f3f6c7a8bf4d68d490a,1,1,1,36.13
7d9222bcb9fbdafc453620f32f6fb996a,1,1,1,52.07
d19ac15d2d6a66a837bc8bff474218b2a,1,1,4,907.99
814e7ef832adbfc279ff3141fd3a93e0a,1,1,1,41.46
813a1385b04dcbffe8f58fce8a32bd51a,1,2,1,90.17
27cce60fbd7767b0efb682ce2597e6d2a,1,1,1,34.95
2bf01051ff9e5195111fd7ffaf865240a,1,2,1,85.49
7e0527f8f130007faef1d379fe7644ada,1,1,7,71.26
ab9a2911bde46933de19f0eef001d3d9a,1,1,2,235.46
31b60e74c21a868ce2a24131035f8636a,1,1,1,121.62
817bba98b2dc8942fccbdaf7cd5c63b1a,1,1,8,90.18
da7edb9956cbe0ef5c50126e1bb784b9a,1,1,1,17.29
4f080f85daf0d53e2757336275292310a,1,3,1,47.44
79847bdf9821dfcc7a036271d0c6044ba,1,1,1,210.08
f5eda04cf77ec4fc17a1c7a4e8984afba,1,1,5,132.49
88f9a494012e4b7e7ddbfe1bf56cf41ca,1,2,1,70.89
e48c42a05954c6542e0631596bfb6fe2a,1,1,3,89.21
8f0518f5d4437b43c4849faee7e6dacda,1,1,2,52.32
2af5542876588b6d1e2d52ec6bf14a41a,1,1,1,15.86
3146e5198dddba5ff4a7843339a58226a,1,1,2,134.08
c43d9824271456d761379296996811fca,1,1,2,71.07
7243abbcc141cf4109c70f6bfbd736caa,1,1,2,73.62
a0190a8aa681fe129b9a9ae80dfd9266a,1,1,4,59.82
28c0015f84c9d8b6a4e58b0414ab80aba,1,2,1,41.4
6439653c88076433f580f0ea995949baa,1,2,1,128.95
04e00ba23c33890eaee39b02e8185cc2a,1,1,5,53.41
7be3bc8a993254a45f536cd9b418f275a,1,2,1,86.44
d205a43c0e35aacecbf9e14c272c7d20a,1,1,1,27.79
7e27277184720891692df939d3a7b048a,1,1,1,78.54
87049d4b9b8517e7f78b3724f698c4a1a,1,1,1,78.09
620133b0b32ccf5727e6c53ba3b0fb75a,1,1,2,140.67
c1da21318eac811a08b2bf209335c28ba,1,1,2,84.84
186d853ccb29e4bc2470952ec61dbb39a,1,2,1,93.85
9333298e9cc54a35f22242a9fc3a3ad0a,1,4,1,118.67
d10471750e335e783fff1bc755988a86a,1,1,1,56.6
5c0020b504a0fe54c58f9135380f6e6da,1,1,10,536.6
18995b654ef8f346243a4a9e0b278164a,1,1,6,138.1
0222b443ebbd702540abbaf4f5ff7edfa,1,1,1,97.26
d48eebefd9e752c709a4acef8c588a40a,1,1,4,78.66
d4f373442b0a496652c35a6138a6bdcba,1,1,1,280.32
6076ec81706ee9060d085f2909a6fbe7a,1,1,1,54.58
6d1d00752d412a243d22e2f6ebbbacd9a,1,1,8,194.44
1fc5d622399fcd0bdb8d79644854448ca,1,1,4,225.11
0897cfdc3612d0942f33b22a3dd9cd8ca,1,1,10,410.91
6fc7f8b453f5c366762afbf392ef9b37a,1,4,1,28.7
187a17302afec3ad360e610e19e455cca,1,1,3,32.43
7f81d8bccb5531846cd177fd590ab260a,1,1,10,303.54
6e9b3d5868d4efc61bfafde4d03c6ae2a,1,2,1,34.71
cf68118a73d946c12f379bfcaa85e9f0a,1,1,1,50.46
049db9aade07d0056ead438e182f2b52a,1,2,1,83.55
bdea5bf2b68897e7d1b45eb51db0f18ba,1,2,1,49.56
85897c1837af1ba410fee4573c3f16dea,1,1,1,173.99
f15eda4eee582fbfebc330748f24e208a,1,2,1,161.06
982d82bc18646c6288463c134c89fc3ea,1,2,1,120.9
f91c3182b60b554b1096c7854aa97fa5a,1,2,1,57.11
dde8f1a1964c338a90b168c7fdfa075fa,1,1,7,74.58
e0e836a1f8ee9e25d78d68727016e70da,1,1,3,92.85
1e849e4a2805bfa9c4db43379e52d046a,1,1,1,137.03
40e71e3ccbeb7170672ef1d0e9696a77a,1,1,8,94.65
ea8efd0043199fe88f31e1fea2e840f6a,1,2,1,175.86
f7349245e9113689913c5cac61b378eaa,1,1,5,133.57
8372528167731e5a127082e227a47b09a,1,1,6,319.94
550c9803e94828d5b3c5c891561b7200a,1,1,4,464.08
d0c83ce2e7f68e33188bfa7101d9ec06a,1,1,8,571.85
40ec3ad4f08944421d76ad879ca56b64a,1,2,1,44.08
598e3e1a06cd6e5aa4779c6d4c11e11aa,1,2,1,167.14
9630c641313083fe39397cfa75810e4ba,1,2,1,120.91
73c9b460f4a439f8c11b6f6fa0560d1fa,1,2,1,25.77
e05db2f0411d7fe6af92d64c6fc4bf9da,1,1,1,83.73
61c3c1cdd42ccd14931a2fe11d77e2a7a,1,1,4,77.59
66f44b9f776c56e0fd75fc15a7ee1cc1a,1,1,16,651.05
bd2ab3fcfddf81da1f31148c3aa7bd4ca,1,1,2,162.89
490b4a17364f3c7de5877ba86082139ca,1,2,1,328.06
8eb07b069f58b196d03364b412ae5314a,1,2,1,37.83
85d142633f7411ccb6c6af60c196b8c5a,1,2,1,34.13
b0a7e2d798e5504e83715a7e5bed5fe8a,1,1,5,268.59
adaf01f381286c648134e9d617a4a1baa,1,1,1,58.03
ca68062131377687e13cfb41842fbac9a,1,1,3,71.45
7730e06abd27a0f67b9f462ad9bad838a,1,1,4,78.03
e23b12899aef6772719cbdb98dd5bf8ca,1,2,1,150.73
2868cec2c0d3cc29873e13a46f55f532a,1,2,1,124.07
5b23d03712a41a07a72b94a97342be95a,1,1,10,622.86
d4112b98adfb1a788d4c6205903eaa39a,1,1,4,214.15
9391a350faf505bf6880c4d747f26e4da,1,1,1,79.7
c172f96808d5e1df5a287d171592d3c6a,1,2,1,108.68
a21e142410bb5f74b574d654fd36f6b5a,1,1,9,275.52
3860898db238028285b1e05b5ab31238a,1,1,1,68.52
cf9b4bc8a0831980b324e030bf8cf1f3a,1,1,5,117.46
1d767ef13195f2cb3337b6b077e1f752a,1,1,5,157.16
dc17a6461db14f3625728b10493ef332a,1,1,8,92.89
002f16b7bc4530031b7d90f791b12d8aa,1,4,1,284.13
7b7d41ed4a08974cabec08405b527b18a,1,1,1,57.37
56e7d463a96db09e951999dd6e74f136a,1,2,1,68.44
b7f65fc3d720a073a8fdc62a1266d5c5a,1,1,10,290.16
55cae94920fc56b51f65ea17a94348e5a,1,2,1,147.35
41c51367243707ec4b1cf8baae5de951a,1,1,1,259.36
add9b8e58a85333ecd17897517ceda1ba,1,1,2,133.4
9674b842cc1b2c01f254872763800c1ea,1,1,1,63.02
4948f06b894477c108c871a15fd4f1d6a,1,1,2,72.56
933824572e25f2482e2b59e73b1c9858a,1,1,1,105.33
f86264f3909d2925f91a81b8a105e0cda,1,1,1,155.98
47e2f2848f677f90f495f3884d9fe2e7a,1,1,1,60.26
838f02ea52c8e48b8bc5ed2671e7bfd3a,1,1,1,6.8
2e240f743fe9574f3e0ae4bf33e43a70a,1,1,8,503.77
2e1b96bb2d8b0ca7e4a6c3d0c15d68a3a,1,1,2,146.35
6639b799469775ff2a696e1bc96b9f58a,1,2,1,208.56
f8dae62cf3515f978a53413b1d707a31a,1,1,3,97.34
ed8ea0a2a84f051dc83699eb389facb1a,1,4,1,57.51
e61b3892b434215d5575d1f4c1b94da4a,1,1,1,40.58
afc22368eeb04afb4727cdec59103f90a,1,1,6,105.32
234ea4333eec78d8e18bc801a916e1f4a,1,1,2,150
8654cd8e725e48af0d843f5c60598e72a,1,1,8,238.78
4fa1036b592aee1a8008e9dc0a7158c3a,1,1,15,313.54
fc673f244cbed55f48d925a2f75e42eaa,1,1,2,126.45
15c31c519540921d720cca6129389633a,1,4,1,139.32
d7b464f6f1a31734fefea7eb6e9a9908a,1,1,3,57.51
35cab29a44850e454b675c0160b34a45a,1,1,10,661.81
7b598857cddf46a156640f69f70a6e6da,1,1,8,741.33
25efad911c3ff50b495d8cc09dc32631a,1,2,1,547.89
3ad6c429e788f917fc200d21941bcb36a,1,1,1,29.4
58cf4bf760edf8c8fd391eb871b0eaa4a,1,1,1,110.02
a236ae70310b60403c3adac81f96d5e6a,1,1,10,186.1
fd723aa8e9502bc95f3bda013fd82072a,1,1,10,123.54
ad77addff836770adc988cb6b4b1d529a,1,2,1,338.07
8e029d51bb988ddd1e92385dce8de59aa,1,3,1,432.18
7457d3d23917512e33d58f76c92b4508a,1,1,5,268.45
f15ee2f37da0500e278ec213c201edf3a,1,4,1,347.31
99e33e27f532877aa1da2d36a5d88066a,1,1,2,390.77
13fc19d5bc2bd52fce8baeb3f31e5dd6a,1,1,2,57.65
c3a937f97910c3602c1e4cdb4b951b1ea,1,1,1,33.23
84cf671bc3869df812c782309ef46a8da,1,1,1,38.14
a6e7a9c6f4effc360a418d5bba41ba03a,1,1,10,111.12
d217a2d8cec27a4d5ab7600ecb95826ba,1,1,4,49.06
ca4b9f3ce6fc19e8533501cf8c6b832ea,1,1,1,0.01
b51e7cbbbfa8be3170cd749bf5c8d2baa,1,2,1,681.12
ad1e181092a016f9c984f5ba59bd9119a,1,4,1,302.38
e8db697a6bd22722ed990beab0b844c9a,1,1,1,117.79
ccbbefa45f3de84ef18124da1beedf7da,1,1,7,77.65
c4416b46a61a027f858fdc3746644312a,1,1,4,312.92
89b229dc09711327ecea7f124b029557a,1,1,2,76.55
4505b87dc4843da73734e3e1a6537999a,1,1,1,90.28
5f540bf1c900b1734b6e0a2a86f4f08fa,1,1,1,21.89
47d248c19f5affa1ef2a5b91c8006ddfa,1,2,1,211.5
22ee2aa8eabfe51f0ed9d8b92824cd53a,1,1,7,219.3
d008e845c1ba7ffcf8fbf42c4e412cbfa,1,1,3,119.18
2b81ceae14ec578d18655477c0efa3e8a,1,1,1,93.29
f68e99de5c101aa886450b4a0278bee3a,1,4,1,45.3
31e00bb404e44d46b89ff10b7a09d470a,1,1,1,87.28
2591cfc04214495607525020ec87652aa,1,1,1,60
c771daed5a327383979b39b00a919a1fa,1,1,1,65.44
58ded2fbeab30e8d3f53d888277f6b2ea,1,1,2,101.64
292d7ad29c8a2d97eb84d18ab3d38997a,1,1,10,1015.92
1525ae17b338cdbe83eafba4135425d8a,1,1,8,216.58
279b9a9df2c05138cfda068bb1e0143da,1,1,1,161.71
36fa9568947553fb83c9ad0726737a12a,1,1,1,69.36
d0a2ee9c1866926b3d773366fd916e37a,1,1,1,20.38
4f1a1c6f6fbca0d084e77e3f74b37cf6a,1,2,1,240.1
f6ed70efbc4d10c18ee1897b7d1a7ae2a,1,1,1,56.6
9b0f1e1427db19a11c3ab29e6ebf4846a,1,1,4,133.71
51a3d8eaafd0ff4d71132ddaf03740f9a,1,1,1,84.06
c47daad9ca0c3eb7d59ae53bef0e9741a,1,1,1,29.4
37a5c08042eaea80dc32392059927a0ba,1,1,6,365.74
7ea0402bb982f8ff37a8a8ef5adc4786a,1,1,1,139.06
5fb81ae5bda9580ad705d1ce97a6fa49a,1,1,6,123.75
1a246d78fa3f7c563a0b27ea0b1639bca,1,1,4,90.62
5dea57306e01caa42ad0b07b85042953a,1,1,4,175.16
29dcc211b6fbfa81282284c9dc344da1a,1,1,2,168.75
1133be08257f4765d8551429f4ad2144a,1,1,3,73.01
f778c1525f995ec52f0dacbef2b17b20a,1,1,8,143.82
a74e83bef10070f30831ad61d579a408a,1,2,1,35.95
f707ff2a9514dce20b267136b60af042a,1,1,1,17.97
1974ffc6d3d8f6e9d8f82fcffa4be2a5a,1,1,1,37.37
d0100a52880e5602a06176b78dcf5f1ba,1,1,2,105.74
990ef3539979cd76d0cc98835b2ad2f7a,1,1,1,68.43
c832d3bb0e9e7f7eaead6a21ed509d83a,1,2,1,62.65
2fbafc474dc8983392c734514f793616a,1,1,1,42.77
ebb499c608d356e59ebb827f62b25712a,1,2,1,35.54
1d7542bb5262913fe0516f7943b69a58a,1,4,1,457.38
22648d496637318d8713a49b4e628a87a,1,1,2,153.12
60b3db6cf502ca52a4a43946008b1600a,1,1,4,47.58
5eea7c72a77d6f2129a92d2d82e79410a,1,1,6,481.73
1147614ede9ce51acd3fc449b86114e3a,1,1,3,62.91
31abfb3d839221bf8dc8165fbd494c2fa,1,1,2,123.68
3202d54e102ee571b92aaba84b2a7696a,1,4,1,107.85
54c5976111a966ff8a2224dd242cd07aa,1,1,4,273.88
63f8151f2afc1d5465d47f4c00c029aea,1,1,1,74.74
dc67745e87e769607de677683ab1fd08a,1,1,2,158.79
7e6947a332fa36bbb61f7fc5a92fc988a,2,1,2,24.27
8c0a5b32d858e3c6d66a9be944cad7aaa,1,2,1,147.39
4fe7d00d2bde166848bb86b86054295ca,1,2,1,73.49
27dc874d0fc1a19c74ec77ca706be968a,1,1,1,48.18
ded23d37cdcc25b37b4473b7be770cb2a,1,2,1,102.08
4a0b592d4d6082de8155698ca49c6345a,1,1,1,96.46
2292c00843a93f0cff36af4ad5791098a,1,1,10,465.02
3bbd142d8543f96d104a83eda5465c48a,1,1,2,134.53
029c545413b10a6bd7540401f6eef0a3a,1,1,10,1644.76
16f1d9edf9452dd60d94733527624571a,1,1,3,159.04
655a5b69bafd871b61130f67836142aea,1,1,1,27.73
a8f53fb2d23aa53494da639eaed2c172a,1,1,10,104.4
b81af5e0dbc943da7544bf507acf9e23a,1,2,1,108.96
62b2adbcbcf4e28df4b998bfb094f3f9a,1,1,1,138.94
2305a735f5b64c8b4e0e7e3d64b5a39fa,1,4,1,74.21
4a69678ecf74bfd34260031c04329b68a,1,1,3,172.41
afc68d1f35e9dfe8220c9b9e27647065a,1,1,1,67.44
83dcf2f6e29abb1516047b414c52b004a,1,1,3,197.06
6653526158fc41798fd489f9b3c86b56a,1,1,2,133.33
86430d523480a84b621ef0c347f56ff2a,1,1,6,549.7
53b74e6d05c2fa0f3915c608e6537d30a,1,1,8,347.58
ae51637de4a4424c759ab8b2c4279310a,1,1,1,51.56
adc1270afd7fb1ef466f8ee66cab3773a,1,1,10,1370.41
f8b990617b1af31bd9e7a3d70f8dafc5a,1,1,6,443.77
57c81c283a192e74b48c36108ad73101a,1,1,1,45.97
0193a99edc8c599aaa16f9b9e991efb8a,1,1,10,170.29
c4efe9b9dcdeb1a96497a8f580c1e411a,1,1,3,71.58
e3b0717751a72db4e76c2aab9e9e9ed1a,1,1,1,99.69
a7f8737adbb1896e0664c6bb67da182ba,1,1,1,37.24
ecbca2c30740b52e3c746a2794609a69a,1,1,7,70.89
93f610a3cfcf2420d96bca828098c8c2a,1,1,1,162.91
b4422eb7a5a5d3ec5f0b8fbfb75f5184a,1,1,3,88.49
065d7ca47199c0b027e288a77c59a167a,1,1,2,83.26
1ca643d83940d8a6482159517b32ddb7a,1,1,3,201.23
8b4bf0534cfd5d9ebd380e8ac3df9c24a,1,1,1,27.68
60aec6169cd58ab43ca809bcb169082aa,1,1,1,58.28
d234f846aac643047caabb1171030524a,1,2,1,64.66
a103620b14c5f66c4a0f9c14a1327377a,1,2,1,248.84
6b092965cc5bcd955107ed81c1acd489a,1,1,3,226.26
43868f14b4ab88057605c96f7c8c820da,1,4,1,61.27
febdd8913edff4946861c4fb4e191828a,1,1,4,237.15
064330ca980cc4023706283a3c4b89a4a,1,2,1,65.67
c361406c8d2eccd0d8ba53309bca045ea,1,1,3,52.18
2e1f4c38207ae1b8011bbbfa7b96c34ea,1,2,1,52.42
6eea01cfbca90a278819c163602d0a69a,1,1,4,83.56
3b87501b004a28e5fae58597d0e021f5a,1,1,3,149.36
a06a785eb10dc081b633142ea4f085b3a,1,2,1,85.63
fe784ed3dfc728fd4de44fa9918fe1eba,1,2,1,57.98
d1f9a1aec23787e664aa0ccd55fe2fd3a,1,1,1,65.1
8eabb0219281482f84013cbc8a4e5364a,1,2,1,59
f3429c1257804b1332184727aed3f28ba,1,1,8,197.44
ebe62bcd645483aa0241c300d095781aa,1,2,1,30.06
90ddd79887b51000b7c93a420dd927a6a,1,2,1,38.8
c4e471ceef59a7434978cda5d4ab9d4aa,1,1,1,32.78
ab6e1678559b60b6e6a7db4837d6664da,1,1,2,400.5
06093968558c2db43ddc36679aacc280a,1,1,2,124.82
9c37d7a7de99233fd6490a1c09ba0404a,1,1,4,44.18
2ef4a11b6e24fdfbb43b92cb5f95edffa,1,1,1,84.63
77d66e0dd1fb22e462b621cdc2da1192a,1,1,6,391.56
10b063d9a52993cc25ea7fe15c9334dea,1,1,1,64.32
7336b444ed0c3b2431e2ec1e3f4ea91ba,1,1,4,86.99
bd365efbba0dd1eaba5184a340fb1178a,1,1,4,48.3
9888a5d5164497efd85f110e29cac580a,1,1,1,31.79
cc0482c9c30742e1f8ce96e0e1cebe07a,1,1,3,36.46
123aa2088a801eabe35c3c67444e5fdfa,1,1,6,67.94
5334444552f36867a1bf5cc0f4d3051ea,1,1,1,55.06
e608a62334dc69f423bb65e0a232e064a,1,1,3,204.92
f775d07070d41cc84bca7d1ced815c0fa,1,1,1,54.07
d2eb9999568d1bba9d671c53926039cca,1,1,8,155.28
9117caf70eb0fe8d15d5a79da085be5aa,1,3,1,128.13
341aa5f2e049abdcf01324107401e6d8a,1,1,3,68.05
2aa8454e751e7fc82eba1192b4e49aada,1,1,4,1173.11
d1cd7d486ae6facbe6c2a59a51c6d1f3a,1,1,1,27.3
eca9f43372e64e01322fd21afd0bb842a,1,2,1,193.92
1d8c5225cf536be1cf53c5bb8d456e7aa,1,1,1,73.49
5fbb36c2e55d34d7799cb74e65d73a62a,1,1,2,88.69
15d849612f479d808dc030e4e1ba39d6a,1,1,7,152.56
274f33c3b4d5612a37e3a223a2d9bc5aa,1,1,2,411.69
30597e915fa41c74c59cf5f8ce640d3da,1,1,1,57.04
84d21eead7694f99925e7e056ca88832a,1,1,3,126.19
9350d73de3cd100398a33f60fb84f46fa,1,1,1,147.14
7563e13fcf7f6c6d8db57ef0c5760c87a,1,4,1,86.62
4d4c65feca16bc9de359cb5d4feef10da,1,3,1,144.96
d08257023bba46fdf7e3cfcccac606b8a,1,1,1,122
91cc93a882b7f96a25e4a0c32dd6ad36a,1,2,1,89.58
585bfc58c577f0e1deb3d9b49fc7535ea,1,2,1,58.37
327511e31bd17e390fa2ce6ed4a64535a,1,1,10,798.53
91a422eb23b5d4904d4c1be11592c317a,1,1,10,234.05
5daa414749c292efd9d970aca5097a8ea,1,1,3,32.43
c17ecfaa63fd9b920c822d5361a8dbb0a,1,2,1,130.68
49ac83265a3a9d7d492eb5e1909b485aa,1,1,5,178.21
2008d42068c636c1f2dfc2679457e8c9a,1,1,10,180.81
9cded624277b5db2eff76d40cf10f66ba,1,1,1,66.58
8718a4ef6a9e45012bb3e595f0b5286ca,1,1,1,17.38
30572123f2730cbcda9ff3acf4b879e2a,1,1,5,79.76
dae7f9d0e25515e268456f392f53751ea,1,1,1,88
81134c0da031fc1208ab4376cb3f384aa,1,1,1,29.41
57665b3fb0f04270d6b333c9d1f80a61a,1,2,1,41.18
862fc92ae542a7129c9943703ddac0afa,1,2,1,117.48
f9d6c377e994e4333aab8559b9e850eda,1,1,1,72.14
89d37adb3389844ab085bbd81f541f00a,1,1,4,237.43
1d1e5f659ad884a3f1a760dd28e5606aa,1,1,2,83.82
4faebdf74e934f7b66d8da301d77d774a,1,1,1,67.94
e8964d37bd21c508021bea9025a8e4a0a,1,1,1,40.27
244e8c98d54a7a388245e6b5b85d37eea,1,1,1,69.32
374fd048ff590c1059eb5d4fe2d892b4a,1,1,5,171.09
3910f99fe841cb26a6adddc96249d3c8a,1,1,10,128.02
a4ca2ef2db84bd36005b60249c9600d7a,1,1,4,378.96
0c228d925a49aa5e3b35febb948f4f72a,1,1,2,161.01
d6af6233aac78108f824d75f4461fa14a,1,1,1,371.55
f1947038bdbb0dc6cfbb332abcd60221a,1,1,4,374.59
6f6141eab1bb4e6c11c31e631b60443aa,1,4,1,272.97
2cc606fca85523eee5d51c8d9defe0a5a,1,2,1,1391.35
fdecb4e87b3590ed5252f7264c442b49a,1,2,1,78.19
628111ec0fcace16f3112336b1138aefa,1,1,3,94.74
13c315a2014c348759014f460015094aa,1,1,8,195.61
05871d52118762aaae93a3682fc5fe2fa,1,1,4,389.31
a49b8f92334f6b3b8eef67010a8e53cea,1,2,1,397.44
060c88a63c83f2dfaeea611cc18edefda,1,1,10,160.96
a6ba686abe92f4b2c2cffcd962db019ca,1,1,2,123.54
3adab61474a972a1606b0c78d64b8aeea,1,1,8,533.32
f565b5276bd106d6f173c196568826d4a,1,2,1,22.24
06be8b2c2a6e818814aa5416c3512ca3a,1,1,1,43.29
0aaf81645c52d55b9baff5411037d070a,1,1,1,77.24
34ab0cb9a828372a0c1de84088b216aea,1,1,8,189.26
d762d74c09a598d609ecbf46c3ab0603a,1,2,1,72.58
f26fa27bb0f1337c570d70e32fc2e413a,1,3,1,13.73
6b69ff282afcd40fc4dc7b4e429d5149a,1,1,2,206.63
049ac54eda25ad838a76c65dcfd27c9aa,1,1,1,173.02
5261639befee46871e5005e71a7694a7a,1,1,7,70.07
e4849b3975c58be6cdc305f07ab355fda,1,1,6,132.13
88bf34949a5bb708a123dd12e80ed24da,1,1,3,38.14
80b5b891e5c825112137c3ee080e5db6a,1,1,8,166.35
a138c0644d38ab9a92ab77dfdd294584a,1,1,2,163.73
a9aaaf24646d60bb635aee235c06db11a,1,1,4,1025.05
86fcbf423e68c5591504fd1bae22ca11a,1,1,2,148
5e0ff060a686922559e33f8dbe998e41a,1,1,2,124.98
55f13afd91122c753eafc7028f1e542ea,1,2,1,89.58
82f36bdc0196b518ac49483e7af21d02a,1,1,3,63.89
150f2572fbbbe11b5b9532523f76b0c5a,1,1,12,190.38
12376b5a59bae892cd083a87b57c0bc0a,1,2,1,123.75
e98d5e05f90fd6600527ab0c1156cbe5a,1,1,4,68.07
0667371275636232a05d55f2a8eada60a,1,1,2,46.2
58f608b30531278060213cc7926bc6f5a,1,1,1,37.46
17d8bb8daefb337fdf4be46cc3e7a015a,1,1,2,75.74
b7b1f2843edf05e98877ad7a739b2da1a,1,2,1,46.1
f64c08c0963b3624b4f2198791c17197a,1,2,1,59.09
908fe1b8b7e5ef073fc701112c902111a,1,3,1,41
434b90dea540070a2a53a26185a29552a,1,1,6,182.14
421bc5d68665463cbb939db50847894da,1,2,1,1927.38
b5ee3b06caf9f3c1c7ada2bdf482bb8ba,1,1,1,27.3
c0ebb2411df290b3d4e15a8409f419b2a,1,1,15,175.3
0d379ed81a9bf10489b4509f3559ca90a,1,1,3,73.49
3478b113b28e0c77c5b870f927de40cca,1,1,1,52.04
7a96e7fd1d442befdfb8507e5235d415a,1,1,5,143.49
4bd15305c0c5f4d4d82b85f163b53954a,1,1,9,491.31
032a25a524b766bdb806500361630beaa,1,1,1,72.08
915a2730449787ced8fbbc1794ca7d0ba,1,1,2,181.82
e5a3a83c5cfbe529d5f4e6da9587f5b9a,1,1,3,68.96
4144eb32a48743c5f18f443d704fbdb4a,1,2,1,62.65
3ba97310c8f8f6f5e9153973e87297aea,1,2,1,42.86
ea3c6801daa6e86c6057f1bc8bb11b1ea,1,2,1,118.35
d5ca15179b0ee9c4d3720776ad896416a,1,1,1,72.72
d4c6aa2277352d92106b387b2ee13839a,1,1,10,141.83
38af22d4eecd88f7cbeab4a7a8fde9caa,1,1,1,62.53
32d264c87f67556abfb9ddeb89d4277ba,1,1,1,63.37
520f711ba8d6317f12503d49312f428ba,1,1,3,32.43
224417719168eaea9497efd016f3bd43a,1,1,4,108.53
232ac1c81c6a84fd76f9653b248b5d92a,1,1,4,308.12
54ac8f134227883330db3517a19b4b5ca,1,2,1,209.47
fa01cb3e41fcdf8cf3c55e01a5477d46a,1,1,10,473.73
bb8871a92af73ddadeac0531a0787131a,1,1,3,173.32
c6d80ef64d3bab44528b4f5b30b257fba,1,1,5,138.87
935cbf337f50d03fc7ecfb5a601dc7fca,1,4,1,57.68
b3c22881ab836451fc66d6cbf6a2083ea,1,1,3,194.79
96ad9be0316145857baf1f238b12e42ca,1,1,4,111.67
7bf010be3a0b710cdefe0091b13ddc6fa,1,1,1,107.85
1ea0da27e5223a4695613c899d6adfdda,1,1,1,45.78
d82a297437092371e1c2278befb2314ba,1,2,1,92.2
7db0ac143ad1d1fdb64f9ddf710979f2a,1,1,8,220.49
0de9012381a06cf0b025e60e60c7dbc5a,1,1,1,72.98
3a335d9250509602da8eebcf766e1ddba,1,1,3,171.34
3788e0af9e212034588d6d24fa1b7fd1a,1,1,2,62.98
0a0bb5e5ea635dc355ca8ef22dfac150a,1,1,1,114.79
355b4e6204fe47b46901e1c030255e77a,1,1,2,203.3
5e2dea58328e87e7d6a29ea1f157e287a,1,1,5,250.45
f3d8b3063ee284e7e64c8f7c41b39188a,1,2,1,85.59
8e39302e6b4d08eec0f5a5ac3274f338a,1,1,5,1588.92
58fbaad9a29e6929f8e0281886302d8ba,1,1,3,62.65
878a8c40acad392fb20b6c462b10cb42a,1,1,5,129.77
af08253b9001685eb1df111e7134a4c3a,1,1,3,216.4
28d1591eef9b1432d512e34dc8b3a513a,1,1,1,40.28
619d55679601970d4f11fd01cd162ecda,1,2,1,142.77
bb9a5a9d8a6ff80eabda95e3b78f0a45a,1,1,1,135.15
afb92fee56931a44318f90b0cb3330f5a,1,2,1,98.15
a43d72884af5f964762b9070af86b567a,1,1,10,837.31
f6956fd0c7b151f0441f43f7bc6eab81a,1,2,1,36.45
27d4565688530c96555c05e21f6740c1a,1,1,1,57.51
f4894d53b6be36cd0c12a1e648e35758a,1,2,1,136.26
386566ace975071b7888fe4ef940d582a,1,1,1,86.68
b0fd41f0de4534ebb1756c04ea181aaba,1,1,2,233.51
c1ca4dea0d87cd383f5790fa7a5bd78fa,1,1,3,34.13
41ecdff9b0271b1886aecfab66d5a75aa,1,1,1,72.98
8eca0ff73474c8c18f8daa7603c1cff7a,1,1,1,33.38
72c243506754c2100a51831b0bc5f891a,1,1,2,110.58
061c593a0c8fd1b92c2abc7c1a87b329a,1,1,1,65.35
e84f839667bdb61865f74a90bc11ec11a,1,1,1,177.42
6b89a78e042eff08232ab1fec808a30aa,1,1,3,147.23
b2e76fc95ba46f2ef1720e13cd28b072a,1,1,1,58.18
fc325d6bae67acedec72848583cc6d27a,1,1,2,130.82
04464191f1b76f60684eac5609f3bddaa,1,1,8,490.1
c8f3d770e7079f62444e211a882f3da2a,1,1,8,625.78
ae86e8d601cc4c3762fff0d9609a0861a,1,2,1,208.63
1ee34237b5f6da17a68b98f9f27e4a4ca,1,1,2,142.27
53555a45da468a1ae66bd1572a7002e6a,1,2,1,202.98
fc504e55e65297119164294412b4635aa,1,2,1,40.24
97abddc4ddff2f3df5eeae15b23f8959a,1,1,4,92.35
d73bf025952ff50e52729bd60ba12f28a,1,1,3,136.76
6c353b764e0d5e28cb2852e8e8603defa,1,1,5,144.12
450b2dfcd82c6f60f6ea30628ebf2945a,1,1,3,184.49
498cdac3b77bd13d44a8cfd3e26b768ba,1,1,1,162.62
0cdbb064516056ec9be699ddabadc42ca,1,1,4,198.92
a605e090234561f97bea7da842220f0da,1,2,1,144.94
0475d054d40280dfba750663c9ad7a0aa,1,1,1,63.59
3b580f556a4a7d02c2ce65505bb164fba,1,1,2,1120.84
6d2fbf76787b9f35b1f3c3835a8a6a01a,1,1,3,216.26
db064b03849f2171a59f4a8cd50778f0a,1,1,5,68.35
f40432ad717d2f328101784226c8af17a,1,1,6,1556.67
1fe7ec0247e48fc569547149cfea181da,1,2,1,110.46
af3dd257dffa86d6481ea590556ca509a,1,1,1,68.03
dff351d499a7a16d302eb0c77d6fc100a,1,1,3,120.4
27cccab59c02b5c742ec003898dfabeca,1,1,3,39.23
86c411cc5e0c28b069f3e98edc6e6290a,1,1,1,59.25
9109f2cca26d92ac4e064bb93da37c74a,1,2,1,210.96
a3e9e5209110a0dcfe5b20b01e6a69e7a,1,1,9,918.16
baa1cc285dc359539824dcc3d6799044a,1,1,3,222.05
f635c6eec2310dbda391c16a6eada675a,1,1,2,128.49
21d83e75dc0edc8c7aa58b4370a3518aa,1,2,1,69.6
7a268da1c6173cf3d0847a89afdaf84ea,1,1,7,149.81
2811a528a7b5ae1d207e9620a4c6b44ba,1,1,1,58.28
00a1e977cf6e672402963940db55d919a,1,1,1,32.64
70ca1c80e14fa0391a567797dc294938a,1,1,3,245.95
80a16d66483cba1e11bd7f56a3cc175da,1,2,1,58.28
7d7f723eeaa656d3a6d504e6342e3d58a,1,1,8,312.95
c3c9936a34e4665a38df40a466a463eca,1,1,5,131.58
d6ee1daae35ffddf0e578b557bb67d2da,1,1,8,166.02
63175a0077fd25dc166bf27cfa3927dfa,1,1,2,42.2
e7841f8a7d91020befe0310b6e226857a,1,1,1,26.39
