order_id,customer_id,order_status_id,order_purchase_timestamp,order_approved_at,order_delivered_carrier_date,order_delivered_customer_date,order_estimated_delivery_date
b9afddbdcfadc9a87b41a83271c3e888,85c6af75161b8b2b1af98e82b5a6a5a5,1,2018-08-16 13:50:48,2018-08-16 14:05:13,2018-08-16 13:27:00,2018-08-24 14:58:37,2018-09-04
ad133696906f6a78826daa0911b7daec,e6f5b234bb0d847f10eebd70130c5d49,1,2018-06-15 15:41:22,2018-06-15 16:19:23,2018-06-15 14:52:00,2018-06-22 18:09:37,2018-07-18
74e033208dc13a7b8127eb8e73d09b76,72fcbb1145f2889eddcba6d6c1d6c090,1,2018-05-02 10:48:44,2018-05-02 11:13:45,2018-05-02 09:49:00,2018-05-07 23:06:36,2018-05-29
a6b58794fd2ba533359a76c08df576e3,ccd8e3459ad58ae538c9d2cf35532ba4,1,2018-05-14 15:18:23,2018-05-14 15:33:35,2018-05-14 13:46:00,2018-05-19 19:33:32,2018-06-08
5792e0b1c8c8a2bf53af468c9a422c88,5c427f06e7fcf902e309743516e2c580,1,2018-07-26 13:25:14,2018-07-26 13:35:14,2018-07-26 12:42:00,2018-07-30 14:45:02,2018-08-09
c3eb293fd154223498b6551a728203e8,1701ed88b1e8cb21051660d70d11d038,1,2018-07-19 14:06:04,2018-07-19 14:22:51,2018-07-19 13:49:00,2018-07-24 19:35:36,2018-08-06
b0c2a7d04b165525254254a728c50a4e,76a8a3092e48bba0826495241903e450,1,2018-06-07 13:28:30,2018-06-07 13:57:22,2018-06-07 13:22:00,2018-06-21 17:36:43,2018-07-04
2033a4586b5bec3229ebc1675a8ae092,0efc1f5e8675901683fae0ea8fdf3feb,1,2018-06-12 10:10:25,2018-06-12 10:39:59,2018-06-12 10:09:00,2018-06-19 14:08:27,2018-07-19
08adcddad19d3acf37d1fa01cb9ded1e,94c2f45091985c47b4c4fb301113f0a4,1,2018-06-27 11:16:44,2018-06-27 11:30:56,2018-06-27 10:57:00,2018-06-29 17:39:53,2018-07-18
dee6298ce7d1fb2645141ef9972157aa,c35fd04a09c83d6f53b2d4557eab7445,3,2018-04-30 14:06:12,2018-04-30 14:15:24,2018-04-30 12:59:00,,2018-05-28
4e157a36ea9cf89bde6fff57a780b525,24970f1325070d89a1c42dd450b09a8a,1,2018-08-24 14:37:50,2018-08-24 14:50:14,2018-08-24 12:43:00,2018-08-30 20:47:26,2018-09-10
d454d6650d375ebc3f9667a4d2fe161c,7ae2a9337aa4bc799723511faa1d6830,1,2018-05-10 09:12:16,2018-05-10 09:35:13,2018-05-10 09:11:00,2018-05-11 18:58:28,2018-05-23
a5a9f45d795fafe0077043697f62fd4f,666042f9936326aaee21b02eedeedc79,1,2018-07-04 14:45:20,2018-07-05 16:30:50,2018-07-04 13:41:00,2018-07-11 23:08:32,2018-08-01
dab23a46abb860b6b4816df41eacd610,52239878c74211b0fd1a56a264763761,1,2018-08-08 15:42:27,2018-08-08 15:55:11,2018-08-08 14:56:00,2018-08-11 17:04:47,2018-08-17
b4180badf3ac49892e23d6e0276f1e84,815f25ed71c02df6cf2d51943aff8e54,1,2018-04-26 14:44:05,2018-04-26 14:55:14,2018-04-26 13:51:00,2018-05-03 00:14:44,2018-06-06
6c5d1e03493316b72304f07834a03325,96ac279e2c00c0a8f5a80347699674ab,1,2018-06-12 13:56:41,2018-06-12 14:27:00,2018-06-12 13:06:00,2018-07-17 16:32:20,2018-07-11
ede6a833580744e002b0ee65323a3006,02307143f7dce7b43056056566b8e987,1,2018-08-17 15:11:53,2018-08-17 15:29:26,2018-08-17 14:07:00,2018-08-22 19:28:52,2018-09-12
1227f9af3b2ddb0b95060aab8e5b3dc7,53c9811a9eed9e84d267b8a929840882,1,2018-05-10 14:48:29,2018-05-10 15:11:25,2018-05-10 14:00:00,2018-05-18 16:21:53,2018-06-07
2996234f359b5a3b99263b0f5b841d86,ba64b72b127eb80d74296a6ab97dfe16,1,2018-08-15 15:48:50,2018-08-15 16:05:12,2018-08-15 14:16:00,2018-08-22 22:34:27,2018-09-04
108c3238d247dead3fd7423cf8990c5b,2ce5691150e02ccb5c9035eec94c3194,1,2018-08-14 13:49:12,2018-08-14 14:04:33,2018-08-14 13:17:00,2018-08-23 16:06:36,2018-09-06
0150004d4d8eb63f9948de164da34e34,bca923b4bf0e608694abdc3e4f18c5b2,1,2018-05-15 15:13:06,2018-05-15 15:34:59,2018-05-15 14:58:00,2018-05-23 18:13:16,2018-06-07
da383ff6aa9558f3bd909b1d76789381,1e2805c0173170a09ce422b2dab60c30,1,2018-08-20 13:56:52,2018-08-20 16:11:39,2018-08-20 13:55:00,2018-08-27 23:32:23,2018-08-31
9b087af1d905d8987ae126797c9d15b1,3ac536aa3b70068437132144e3a1e1ea,1,2018-08-01 13:47:04,2018-08-01 14:04:26,2018-08-01 13:31:00,2018-08-08 13:35:29,2018-08-15
fb3cf8c9eb2412b0edc0a00a8f43a869,94595ccee21b11325952776b516a0345,1,2018-05-29 14:07:25,2018-05-29 14:39:27,2018-05-29 13:58:00,2018-06-05 21:46:32,2018-07-20
0cf80be143500050973f324c3e068196,d45cfb2ed69ddf56d6fadc0c3e8b2767,1,2018-07-26 14:33:26,2018-07-26 14:45:08,2018-07-26 13:32:00,2018-07-30 22:22:08,2018-08-15
28fb57d39d543fade1e8fa4804f7483e,b4e80468d1f6c1fd97421d658e28febf,1,2018-06-07 14:47:17,2018-06-07 15:18:51,2018-06-07 14:09:00,2018-06-20 11:28:36,2018-07-11
6192897f85cb2aff6dd1fca56fddb45e,f77559535865a660bd328db79a177749,1,2018-07-18 13:34:22,2018-07-18 13:50:12,2018-07-18 11:33:00,2018-07-26 15:02:53,2018-08-03
c76b75e541b06461ec9cf363fd962ee3,90df085f8a512665dce9ae9e923b0b83,1,2018-05-23 15:50:05,2018-05-23 16:16:01,2018-05-23 14:51:00,2018-06-07 19:31:51,2018-07-02
d19e65e88e48b013c91b0e77c852d06e,186225e3a0cbe611c2f5a992977ea60d,1,2018-06-08 16:40:18,2018-06-08 19:31:01,2018-06-08 15:31:00,2018-06-23 18:28:47,2018-07-18
e1bea0700731c9179b4e7e2e0183aa14,af69c0e9111bb4c346dcd2d74a37c02e,1,2018-08-03 15:37:48,2018-08-03 15:55:20,2018-08-03 15:09:00,2018-08-08 20:28:35,2018-08-15
a103ca0d5926c0afb6a2892545f93a7c,9bee4741cacc6088a036a3068f485287,1,2018-05-16 14:37:16,2018-05-16 15:18:06,2018-05-16 14:05:00,2018-06-02 17:27:55,2018-06-07
a14cb0a59ebadf133edc5ccb9ccfc0e7,f5798cfca279c6631c01420e1dffe011,1,2018-06-26 15:38:05,2018-06-26 15:56:48,2018-06-26 15:18:00,2018-06-28 21:38:33,2018-07-12
33526a04c7941ab386cc410962b171a0,abffa9acf0a8f4ae68488c204ba45304,1,2018-07-24 13:43:20,2018-07-24 13:55:23,2018-07-24 13:03:00,2018-07-30 12:26:29,2018-08-17
31baa0ae964c43e70c451e1928483669,9636300545e4304a7c005b8a60e3985f,1,2018-08-23 10:13:22,2018-08-23 10:25:32,2018-08-23 08:54:00,2018-08-25 12:28:46,2018-09-13
fcb9ec0e86e6d326a21a96c2008c8610,4825eb6b9fb138f6e32be28a39054bd8,1,2018-08-16 16:28:13,2018-08-16 16:49:04,2018-08-16 16:27:00,2018-08-20 19:54:47,2018-09-03
5b9075f2428968c2587dad5024af0f63,2c25e9b2b46bb93a1ef7a2841a5b4ed2,1,2018-06-26 11:24:48,2018-06-26 11:35:59,2018-06-26 10:58:00,2018-07-12 14:37:43,2018-07-25
1046a71a57b33b4a92f9f932237f1ab0,4ad47cf6d7f04b49d4816debe22e9275,1,2018-07-31 13:56:17,2018-07-31 14:05:11,2018-07-31 12:57:00,2018-08-03 17:12:13,2018-08-17
1388e91d7d43769d6bd71f89a48a2929,bb3d6fd23d9a597d659792e620b5ae6e,1,2018-06-18 14:04:50,2018-06-18 14:19:43,2018-06-18 12:22:00,2018-06-25 22:08:40,2018-07-16
f2a150c813c1eb96fd1883c1ed8fd9e5,e624987b8f8a9424f614771d13698100,1,2018-06-19 10:14:30,2018-06-19 10:37:37,2018-06-19 10:14:00,2018-06-27 17:04:42,2018-07-24
2ea06e4e577c7be86e2e35ab0d7e74b8,dd8adebabc801bb0fed474be66be9f92,1,2018-05-09 13:14:53,2018-05-09 13:35:00,2018-05-09 12:52:00,2018-05-15 15:38:51,2018-05-28
e23c9dcc304042fa90d538be679fa68d,eac1c6949e2905bda961903996e25630,1,2018-06-13 11:41:23,2018-06-13 13:31:40,2018-06-13 09:53:00,2018-06-25 13:57:31,2018-07-11
9dafdbeb6a7b7240bc32fd6861c42f54,d901eddcaecdc97febda055ffb0fcdd4,1,2018-06-07 13:02:12,2018-06-07 13:18:07,2018-06-07 12:02:00,2018-06-13 23:12:06,2018-07-05
e300c76076c4b56031abe6f3ff54817f,58e41ee664edb6b56cfa39832d76d01e,1,2018-08-15 10:59:22,2018-08-15 11:24:10,2018-08-15 10:27:00,2018-08-21 17:21:15,2018-08-29
e0017093576ff7e25777c2d023eb1cd9,0bfb2278d83ff358645a588158d39b8f,1,2018-06-26 14:57:28,2018-06-26 15:16:21,2018-06-26 14:50:00,2018-06-28 21:48:51,2018-08-01
154029fef0e3e2f72ef09775cc9d1af1,8179ff67fa0372e2cbc68facbb47ff62,1,2018-05-22 11:29:21,2018-05-22 11:53:51,2018-05-22 10:46:00,2018-06-07 20:58:39,2018-06-21
ab815320404ada153a9d06f166c961dc,8e6ca829706ccbf262d3cfcebe7ceb52,1,2018-05-17 09:48:09,2018-05-17 10:38:29,2018-05-17 09:45:00,2018-05-30 21:12:35,2018-06-13
800bb72be8df9c5372c6a4235d38de9b,06bb24810f1367ff6137dcd2ef176d4a,1,2018-05-14 14:55:29,2018-05-14 15:17:28,2018-05-14 14:47:00,2018-05-20 16:08:26,2018-05-30
7c48bb55e8e4f7e56d412e9653db37bc,34ef6181341eb36c47fd601c46878f00,1,2018-07-16 18:40:53,2018-07-16 18:50:22,2018-01-26 13:35:00,2018-07-23 20:04:45,2018-08-07
ece7b7cba1247b9ac059fc6a6528a075,3fd1372ce0a673e17cca90c7bb33bd3e,1,2018-05-15 15:17:06,2018-05-15 15:35:12,2018-05-15 15:05:00,2018-05-25 10:18:23,2018-06-11
bb3164e0236b64b580d475215f1004d2,38d161baf388ee7ea0a737483359f8b8,1,2018-06-19 15:12:47,2018-06-19 15:37:45,2018-06-19 13:58:00,2018-06-22 21:56:47,2018-07-11
b39c24b97fedca1cb67932d9864957c6,89141b4c6cae95109f80cd2c209765a6,1,2018-06-18 13:48:28,2018-06-18 14:19:16,2018-06-18 12:53:00,2018-07-03 16:46:44,2018-07-12
b6ab1ce66f41dbbd8e998bfb0eab8bd5,8d61d4e9db55270ed265a5def0d1b9b7,1,2018-06-26 14:14:25,2018-06-26 14:34:15,2018-06-26 13:53:00,2018-06-30 18:18:32,2018-07-31
4048feff4f2e6e394bcaf4981d27a9bd,1549a2a8e05b28e7ba31eeb0ab1bd84b,1,2018-06-25 11:59:16,2018-06-25 12:13:40,2018-06-25 11:56:00,2018-06-26 20:45:42,2018-07-05
55b653f93de6e994b6dda90f615c7a8f,333e42c06df929c78bb4d60f03fe14b7,1,2018-04-30 13:05:23,2018-04-30 13:15:21,2018-04-30 13:01:00,2018-05-04 18:03:43,2018-05-21
995e90c3995e0f19a9579b90c6dcbad2,407559f7d5a8ca6e622c406eed7feb6e,1,2018-07-04 14:52:16,2018-07-05 16:11:47,2018-07-04 14:51:00,2018-07-10 17:48:23,2018-08-07
d5b8231ec694904371f3efcd3450ee94,a48d0f3e23fe165709856a06c9fe1d5f,1,2018-06-06 14:58:22,2018-06-06 15:13:46,2018-06-06 14:34:00,2018-06-14 01:38:35,2018-07-17
42a212a14fd3e3b7e9c8245a00e35369,1aa402090c81ae32f4a46c5ebbf55a07,1,2018-07-26 13:37:11,2018-07-26 13:50:54,2018-07-26 12:52:00,2018-08-01 20:02:09,2018-08-15
6f27ae84e8f6ee63438f59c04830b28a,4e8353ef6600cd4caf1999491c8a5910,1,2018-06-19 14:58:59,2018-06-19 15:19:48,2018-06-19 14:26:00,2018-07-05 23:42:22,2018-07-16
fd58bdbb6cc5d7519e063c3ceb7e951b,df015cc56f529c0969b94f5985b0a970,1,2018-04-25 13:02:26,2018-04-25 13:15:26,2018-04-25 12:36:00,2018-05-08 16:32:17,2018-05-28
0fa2c93bbfbce2c287bb56660c3998e3,85e9526ec7444cdf5907f1bda7edd899,1,2018-06-18 14:54:21,2018-06-18 15:17:12,2018-06-18 14:06:00,2018-06-28 18:41:14,2018-07-25
8c8005895f46f6c1bdf16697c70e645a,74245fe8288c7bdcbcd4644b2edf5beb,1,2018-08-17 15:57:10,2018-08-17 16:10:14,2018-08-17 14:56:00,2018-08-25 16:08:37,2018-09-19
ba6a0a51f6852a4e562acc5feb6ca75e,d5963ef8d85391ac76157ec238ecfe6b,1,2018-06-12 14:14:08,2018-06-12 14:46:10,2018-06-12 13:50:00,2018-06-19 17:46:35,2018-07-05
c3c86ecc0f7508ffce2a4662f49d9d8b,76f4fa4aa87fa89b2ef1e17b86b425f9,1,2018-05-14 12:42:52,2018-05-14 12:55:25,2018-05-14 12:25:00,2018-05-18 14:12:20,2018-06-01
91be51c856a90d7efe86cf9d082d6ae3,637321037fb8b34323ce7fd8aab4a0f1,1,2018-06-12 15:58:03,2018-06-12 16:32:26,2018-06-12 15:44:00,2018-06-15 15:42:07,2018-07-12
ffcc17a2f3331d4d25cf692060921690,bf75820404561a3f35085c58a99a63fd,1,2018-06-29 14:41:28,2018-06-29 14:50:16,2018-06-29 14:40:00,2018-07-03 16:14:35,2018-07-13
fe206005e41f89f9759ece7fe7acc9c3,00447b6bd39c4a0f6366b05948f9e2e3,1,2018-06-25 15:05:27,2018-06-25 15:18:59,2018-06-25 14:08:00,2018-07-03 20:10:15,2018-07-23
819c0a8de9efdc8a6886525a06dc7967,27c44b89b007427937dc837cf41ca672,1,2018-07-04 16:10:42,2018-07-05 16:21:06,2018-07-04 15:30:00,2018-07-12 15:08:34,2018-07-26
9ac6f439f70af60a204c7d47285fa099,e7fa5bffe3dac4a255ededf0bdd537ed,1,2018-08-16 15:46:02,2018-08-16 15:55:24,2018-08-16 14:20:00,2018-08-21 19:55:34,2018-08-28
1d54af1bf3179b54f046212de28f8bc7,0ab303f6065bc9bf8d4ff5a56cf5c52e,1,2018-08-09 08:37:26,2018-08-09 08:50:35,2018-08-09 08:33:00,2018-08-17 21:03:54,2018-09-05
48300f948ed1d70ff6e5f733e30e5816,433815e0c6b070fe32e4c615523846de,1,2018-06-21 14:37:50,2018-06-21 14:59:59,2018-06-21 13:09:00,2018-07-06 14:51:09,2018-07-24
f0755c7d99a4a7f0bfa967f87d657855,5046f368e69df3131e108c966fbe93ae,1,2018-07-05 12:26:16,2018-07-05 16:32:14,2018-07-05 12:23:00,2018-07-13 21:27:50,2018-08-02
eab659d04f2bba5abfe11a2e6ef92bd0,c7a3c1e9b965f65f0b0204bd868604f9,1,2018-06-05 13:24:11,2018-06-05 14:31:11,2018-06-05 12:34:00,2018-06-08 20:34:21,2018-07-11
3ed559dec69ab96d9074fedaf18650eb,c2e3af310bc1697927b089ce04f87c6f,1,2018-06-15 13:20:09,2018-06-15 13:44:37,2018-06-15 11:22:00,2018-06-26 15:53:25,2018-07-23
0474da9403011efc4abd2bf594e9b68b,dcce3df038a0a13e25b904159c902a96,1,2018-08-08 13:18:36,2018-08-08 13:30:15,2018-08-08 12:19:00,2018-08-13 22:10:52,2018-08-29
1cb3c680ddf904752646028ee22073a4,791b43e8ebbd6abf0ad946fe9f2e1cac,1,2018-07-27 14:08:38,2018-07-27 14:24:04,2018-07-27 14:08:00,2018-08-02 18:56:47,2018-08-07
9e85367165bb242141b1f2638d6fc239,9552f0301e14c521091a8701f48615c3,1,2018-07-05 13:40:19,2018-07-05 16:31:55,2018-07-05 12:45:00,2018-07-12 23:12:12,2018-08-03
6f09086a54ed13a7f152d6339e2ee5a3,77ef5c4759ca73c972dd784c5110def1,1,2018-06-26 09:51:04,2018-06-26 10:18:00,2018-06-26 09:08:00,2018-06-28 16:32:10,2018-07-20
dadc329b35c6c0dcbe7c3ddb1923f51a,6fb98dfbb5b667b36d0f0c1e84d544d3,1,2018-06-29 16:01:12,2018-06-29 16:11:43,2018-06-29 15:47:00,2018-07-05 20:54:44,2018-07-31
cf5c8d9f52807cb2d2f0a0ff54c478da,e898b5ef24833b9cb9e2d4f00b937595,1,2018-08-24 13:04:05,2018-08-24 13:24:27,2018-08-24 12:00:00,2018-08-30 19:11:50,2018-10-05
0a84606bdb8331708400882d2e921524,e3675484b0ca35cb2ffddb7ab5258a9c,1,2018-06-29 16:28:41,2018-06-29 16:51:20,2018-06-29 14:47:00,2018-07-03 14:44:33,2018-07-17
1c958182f10d6fcbac7728c8d3a151f1,08e16d18de470d7041b38c2b4031dbc1,1,2018-07-23 15:09:44,2018-07-23 16:05:15,2018-07-23 14:52:00,2018-08-01 21:05:05,2018-08-14
00d2559e61b9a0744a0552c35c5ecccb,d4af02c83608285f0bd9ff891130c980,1,2018-06-11 12:24:48,2018-06-11 13:32:18,2018-06-11 12:05:00,2018-06-18 16:51:52,2018-06-28
8299066c13f491b4cf9bdb486d2058c2,9463b5b75f8762cb7253d4c117bd2194,1,2018-05-14 12:53:23,2018-05-14 13:17:03,2018-05-14 12:43:00,2018-05-23 21:21:54,2018-06-06
1c723386781fca8d1e45ac747914962a,2d629ccf7fa0c22635758b85b96c0d34,1,2018-08-06 15:47:47,2018-08-06 15:55:15,2018-08-06 15:06:00,2018-08-14 18:53:24,2018-08-23
c45408df26d1ce2b64518a9a9d65fd04,c352445d447e16c25ee542299b98642d,1,2018-08-16 17:11:46,2018-08-16 17:29:05,2018-08-16 16:13:00,2018-08-22 14:33:43,2018-09-05
e65f1eeee1f52024ad1dcd03447f7482,198f511b5a75bf936a96f1d4769e3974,1,2018-05-18 15:03:19,2018-05-18 15:15:37,2018-05-18 15:00:00,2018-05-19 12:28:30,2018-05-29
7ce4e38f4eadd993bb5b2e60bb7f7bec,945ff008560255cc327d509beeefb54f,1,2018-08-08 14:46:45,2018-08-08 15:05:01,2018-08-08 13:29:00,2018-08-15 18:55:45,2018-08-28
69aca49c98f05af05bec6fa1f87a3059,a125a54036b56ceb4c73638eda0f18aa,1,2018-07-20 13:19:19,2018-07-20 13:30:13,2018-07-20 12:01:00,2018-07-25 17:03:35,2018-08-14
7fb538147fab748faf726e6706589b74,3a214c7413071d2247bbdcc535d5bd10,1,2018-08-16 14:26:06,2018-08-16 15:24:46,2018-08-16 14:19:00,2018-08-21 19:14:28,2018-09-03
44dd8e3e7650c35a1973a42498626ded,f95848fbfa710dd05f1f05d048be3725,1,2018-07-13 15:08:43,2018-07-13 15:24:01,2018-07-13 14:36:00,2018-07-16 11:14:27,2018-07-23
64ff09b60c2714ff11ebcf304ed21fb6,b2c63a8267bfc180d06ba2d9b79cfcc3,1,2018-07-31 14:04:37,2018-07-31 14:31:37,2018-07-31 13:34:00,2018-08-07 14:41:43,2018-08-10
71fecd3061e596fd59e65e9d62886535,7ad00854738c8fc46b6bf4c6974cfc49,1,2018-05-08 14:17:52,2018-05-08 14:30:18,2018-05-08 13:43:00,2018-05-22 19:08:28,2018-06-12
12052ac6aa067434388199224c0f11bc,f82d1df095bf073a1298faed123b844b,1,2018-07-31 13:16:33,2018-07-31 13:25:25,2018-07-31 12:51:00,2018-08-09 21:15:51,2018-08-28
60f7dee462ea29c73d75c9dcccf5d870,41ce6b8924d1d2850730a60910da0dff,1,2018-06-15 07:32:22,2018-06-15 08:00:16,2018-06-15 07:00:00,2018-06-21 17:56:54,2018-07-19
10251da35626072605d693e816f297ca,91226d2e0845a09fdd86f955c3f32c88,1,2018-08-13 15:27:36,2018-08-13 15:49:00,2018-08-13 14:45:00,2018-08-16 18:41:34,2018-08-21
97d3870e43e40f4dcac70eec95a6b146,6b7021aa2622618c2a5fe9639f8282d2,1,2018-08-10 12:23:32,2018-08-10 12:35:24,2018-08-10 12:11:00,2018-08-23 22:48:34,2018-09-18
2d26e963bdb342dbdae1fad7ad2ea511,d02dd1824902a30960455283214432b0,1,2018-08-14 12:35:00,2018-08-14 12:50:18,2018-08-14 12:23:00,2018-08-21 19:18:51,2018-08-27
4381b4b79d51e72e0eb56a2fd1aea7b9,9a13a74d558446411f150f9d0e0fc8e1,1,2018-05-18 14:39:06,2018-05-18 14:57:40,2018-05-18 13:51:00,2018-06-07 15:21:25,2018-06-08
8b5512b2679b86761e6aadc28ed91762,ee2eee66d80a60f1761eedb7599a971d,1,2018-08-03 14:39:54,2018-08-03 14:50:14,2018-08-03 13:57:00,2018-08-22 18:03:43,2018-10-01
bd47f29a1a6ede24f9dd4d5ca6027dd4,c3627b8c3533bd55a1b19e6fd705bf82,1,2018-07-16 15:34:37,2018-07-16 15:45:19,2018-07-16 14:29:00,2018-07-24 09:41:51,2018-08-08
692f4207d359fbf24d641b1470721130,eb7da1cd8b8d48a43fdb3d86f34beff4,1,2018-06-04 12:10:06,2018-06-04 12:31:17,2018-06-04 11:04:00,2018-06-21 21:56:34,2018-07-17
129b63bc323d7b5b2965a143b2e72cc7,b1aa2abda32e707cb5c7ab57203e4fec,1,2018-05-30 14:33:24,2018-05-30 14:57:24,2018-05-30 14:33:00,2018-06-08 13:58:41,2018-07-05
c6f11a51ee3384a11e50cc55dc685c24,52f41b570c31d5f465eea3427b30334e,1,2018-08-15 14:02:44,2018-08-15 14:24:18,2018-08-15 13:56:00,2018-08-21 10:15:44,2018-08-28
07f770114a6de1a65f865bf22d8bb20a,c1afacb800d62408ba097a32d6524e84,1,2018-08-06 09:17:53,2018-08-06 09:30:16,2018-08-06 08:44:00,2018-08-09 16:40:37,2018-08-16
ed274ecbd297951203b23b1e071eb593,bfe964865bb435b81a560ba893502540,1,2018-05-15 15:33:44,2018-05-15 15:56:03,2018-05-15 14:13:00,2018-05-18 16:48:50,2018-05-30
771e9bbd641d86a4ee75fe80bdf61d7b,c8146cb28fa1053e64b1d6ffaeef6d42,1,2018-06-13 13:00:21,2018-06-13 13:17:05,2018-06-13 12:00:00,2018-06-21 22:56:45,2018-07-17
70f814478ea3019fff8677f0aca6a54b,adad0c56d848f4034c2cb989a6139c98,1,2018-08-23 15:58:16,2018-08-23 16:10:22,2018-08-23 15:31:00,2018-08-27 18:54:37,2018-08-28
9711d975b961355b4b5d636857e48498,93ae1bda7d91d89da9fbccb5e1da3d48,1,2018-06-13 15:23:50,2018-06-13 15:38:18,2018-06-13 13:15:00,2018-06-26 00:33:48,2018-06-29
6c28cf68e8389e5024135b3d33d8a987,cca42269d9ed5030a5952d9abcb1722d,1,2018-05-09 12:23:00,2018-05-09 12:35:53,2018-05-09 11:09:00,2018-05-21 19:31:32,2018-05-28
db090a16182b263b1e896bb26c6f66cf,b58a35cb4e1a1f9ea74dcf0b2639a9ac,1,2018-07-13 16:14:08,2018-07-13 16:44:09,2018-07-13 13:59:00,2018-07-27 11:34:31,2018-08-06
8c3ef96e828b5894ec632ba10985867d,5cc1b597806534b1fd8814a7a9d85230,1,2018-08-23 15:50:07,2018-08-23 16:05:38,2018-08-23 15:31:00,2018-08-27 19:11:17,2018-09-06
42d23fff3eee93c6c3b0ac65d3ca1e93,bc210337f80918ea78f87fa40d7d2507,1,2018-06-30 09:11:46,2018-06-30 09:30:32,2018-06-30 08:58:00,2018-07-05 22:51:46,2018-07-27
9292a5004e4adeb999700abae47eb13b,3048281f246c7e5342d10ac837c5c8ee,1,2018-05-30 14:32:46,2018-05-30 14:57:32,2018-05-30 13:40:00,2018-06-11 18:32:29,2018-07-13
52a547866cd2082c600fb72eced19331,0bf644fc54b89e3ba5b32c2b9e618de6,1,2018-05-16 15:02:31,2018-05-16 15:19:36,2018-05-16 14:29:00,2018-05-21 16:53:46,2018-06-05
514988a3e142461049264d74b768b365,179e92fa909f97c9d77f559cb2f2274c,1,2018-07-31 16:20:05,2018-07-31 17:31:07,2018-07-31 16:18:00,2018-08-06 17:31:56,2018-08-16
df9a83542974f3a48afb63552d2f4bc5,9d4c52eb6bd4259f6660207254a9d433,1,2018-08-21 15:19:04,2018-08-21 15:30:38,2018-08-21 14:36:00,2018-08-24 12:03:31,2018-09-06
448a4837b41e7f24ad7dabafe574c842,85e150f36bbcdbcee982caee4b0238c9,1,2018-06-14 14:28:01,2018-06-14 14:58:51,2018-06-14 14:20:00,2018-06-25 16:18:43,2018-07-17
5fc25db83662b2660bd61440ba3ec9b8,42d7132586f6d1b7f7be2f6d9a2a97dd,1,2018-07-31 14:50:52,2018-07-31 15:44:29,2018-07-31 13:43:00,2018-08-06 16:41:40,2018-08-15
8e2180a4fcb4cc57d8e0737c95cd4d28,9e69321bb2e7f46db966e815d56ee6e8,1,2018-07-03 14:21:21,2018-07-05 16:33:00,2018-07-03 13:32:00,2018-07-06 19:06:36,2018-07-27
7a23cfcc5fcb50ed8cfd257506a5e84b,2f2dcb995d3cd4769e53f5db2bf8fb47,1,2018-05-04 15:07:26,2018-05-04 15:15:23,2018-05-04 13:50:00,2018-05-09 17:58:47,2018-05-25
7f01243bfbb619e73796571192245fce,bf2f941a497aa93ace6c2dc0b55984a7,1,2018-08-23 14:14:37,2018-08-23 14:25:56,2018-08-23 14:10:00,2018-08-24 15:58:33,2018-09-04
71435a06cf53842e055368f881a38b61,90dae71880786651d4e29dd2b56a54e0,1,2018-07-25 15:40:26,2018-07-25 15:55:10,2018-07-25 14:38:00,2018-07-28 18:46:39,2018-08-10
119060af27b04f5fae8b2b0e27eef7f9,00c5b008c1465e327578fdacf185ccfa,1,2018-06-11 14:34:47,2018-06-12 09:31:54,2018-06-11 12:45:00,2018-06-14 22:18:58,2018-07-05
719beedd6c2193b3e1e1ea1d2706eaf1,0839786620cd7ef6e2da4abca81ac42d,1,2018-06-20 14:02:25,2018-06-20 14:18:42,2018-06-20 13:32:00,2018-06-21 15:04:21,2018-07-05
35c66e9b12fe72dbb0b8d34af424c3cf,a9e6c48378ae343339cc2c6f85fb6cab,1,2018-08-01 14:19:23,2018-08-01 14:30:19,2018-08-01 14:09:00,2018-08-02 19:58:20,2018-08-06
9546aa638d07ac340a91c59b0b2dee96,8d0a81505e8e6b660cdb18c8b4c6c2a4,1,2018-08-10 16:05:40,2018-08-10 16:15:17,2018-08-10 15:18:00,2018-08-15 19:04:02,2018-08-27
5fbe0933118a1dec4ac5424ef0ed0686,8f69a86b6f73cb1bf07174b4b8a72aa9,1,2018-07-06 08:48:19,2018-07-06 09:11:19,2018-07-06 08:22:00,2018-07-10 23:31:44,2018-07-27
9e6928e55ec6948338048d72ebdf2305,d8f5acb57547935a0768faaefbd2ce58,1,2018-04-27 15:12:36,2018-04-27 15:32:59,2018-04-27 15:08:00,2018-05-07 19:03:52,2018-05-29
2ac520de90670f0cb695af6630a00c4a,66bd9b38f2219cd1108930c3cc1df43b,1,2018-05-30 15:41:11,2018-05-30 15:55:22,2018-05-30 14:55:00,2018-06-14 17:28:41,2018-07-03
385de16f1457125fdef85002bdc4f7d4,99499442bbce6e9b3d7e62603a05b591,1,2018-08-16 16:45:08,2018-08-16 16:55:29,2018-08-16 15:17:00,2018-08-20 20:42:42,2018-08-23
89d32b64af005178b318f76cd60f2c3c,41932cfbabbfcfd18e1369ad72baff9c,1,2018-07-06 11:54:40,2018-07-06 12:11:05,2018-07-06 09:48:00,2018-07-10 11:44:45,2018-07-27
421deffec215845f8632fb3543789f86,07d32200708d263fc5006988e4b6eff7,1,2018-08-24 14:05:59,2018-08-24 14:24:29,2018-08-24 13:46:00,2018-08-30 20:32:08,2018-09-11
972976cb62fb977bfbc253219799e486,1472468d6d56167600d5b11dfc70f7b1,1,2018-07-20 11:15:51,2018-07-20 11:25:13,2018-07-20 10:27:00,2018-08-08 20:46:24,2018-08-07
9ddadedc86122b4be334ddb751017997,9cbb5f5a02653649ba5de6d38e642c9e,1,2018-07-05 16:06:25,2018-07-05 16:35:55,2018-07-05 15:29:00,2018-07-09 15:52:25,2018-07-30
978314826289d9ec86d6d6a627eaf810,3343e9bbe2d5affb95e27a0aa9d22405,1,2018-05-05 10:58:56,2018-05-05 11:15:10,2018-05-05 09:38:00,2018-05-10 16:14:39,2018-05-25
4e3cc1c522e0aef1e726d2f9eaeb8807,48ffb27b100e6e986744322a54733643,1,2018-07-04 14:47:12,2018-07-05 16:32:54,2018-07-04 14:40:00,2018-07-09 19:46:43,2018-07-25
4021cd7611d6d9ce5ffcd24817fc374f,ac27243bffbc9c58eb62adfb58c71488,1,2018-08-18 11:49:40,2018-08-18 12:10:30,2018-08-14 06:22:00,2018-08-29 04:41:53,2018-08-30
2e404f3ac4dd39d7054b4cbb88ce2c35,85ebbb19844b7b14f228ad32727d272b,1,2018-05-04 09:49:02,2018-05-04 10:11:27,2018-05-04 09:41:00,2018-05-09 12:08:37,2018-05-24
ba992a67b91b76a97c227e1ad48658f5,f10d33418980c7f04fe434a6d6c85c5e,1,2018-08-03 14:48:15,2018-08-03 15:04:13,2018-08-03 13:58:00,2018-08-14 20:32:31,2018-08-30
15e67a6eec264915cd81f8f57dbacd81,9dbba2fa3f3df7cc62a6ced880ea920e,1,2018-08-07 14:05:50,2018-08-07 14:15:17,2018-08-07 12:39:00,2018-08-13 13:58:45,2018-08-21
e4c540c341b9a50b1a1b28e71867eb5b,5c351d3b7eb465775ce1405dbe49cb23,1,2018-04-26 15:55:42,2018-04-26 16:11:01,2018-04-26 14:55:00,2018-04-27 17:24:52,2018-05-09
cab5ff5f1347330a7576a8aa80bd1774,1a5dca881b4fc9ed776930b3dc9ccfe0,1,2018-06-27 11:57:41,2018-06-27 12:10:12,2018-06-27 11:10:00,2018-07-02 15:03:45,2018-07-18
12e4fbad3ebed6412967a3fd5818c456,351cc738149ae51cf174497c31325788,1,2018-06-13 11:43:43,2018-06-13 12:32:39,2018-06-13 11:43:00,2018-06-22 21:32:34,2018-07-18
f79be098ac7bd8ee0c272aa8f6b61d50,c043dc0a96a5b7025d902c6766d70aa1,1,2018-07-10 15:33:31,2018-07-10 15:46:42,2018-07-10 14:35:00,2018-07-13 18:57:41,2018-07-25
ac284fb15053d666dfb6128354f0e662,7a4e42927347804cbbc5b584d003bef6,1,2018-08-22 14:14:50,2018-08-22 14:25:19,2018-08-22 13:46:00,2018-08-28 21:32:27,2018-09-14
a0c98bdda8405aeaa4b87bdcdd25da22,79dd597ff7e371b512f0a22caf4a08dd,1,2018-08-17 12:39:50,2018-08-17 12:55:22,2018-08-17 12:37:00,2018-08-27 23:08:26,2018-08-30
852d591ac66808ba170d243164600420,20eab7f90e4ca36457cb0e4ba3cf2ccb,1,2018-06-01 13:48:45,2018-06-01 14:11:51,2018-06-01 13:28:00,2018-06-06 17:26:41,2018-06-26
35ae091cd580f7c6dbb7f8c1552740fd,9f5248d1ba1badb231a1da9217f77f78,1,2018-08-15 14:04:47,2018-08-15 14:44:03,2018-08-15 13:46:00,2018-08-20 18:28:24,2018-08-24
f379762648ae96c1d04844ca3308df86,f6e6296520027eb656a2c1c4f80bbdd3,1,2018-08-03 14:09:07,2018-08-03 14:43:51,2018-08-03 13:55:00,2018-08-08 18:51:39,2018-08-21
51e0e77bc0b6eb43fc25286a873ceac6,c5fad69ac45610b0649c7297f7884cb8,1,2018-04-30 14:55:34,2018-04-30 16:17:13,2018-04-30 14:41:00,2018-05-07 16:08:49,2018-05-21
ffc0249fed109d5d056d7c79b7fa7dd9,fe259b2c6d1b0081cf8d8c83e83437c8,1,2018-08-13 14:32:07,2018-08-13 14:45:15,2018-08-13 13:55:00,2018-08-14 23:58:57,2018-08-16
1d400d95c6669247200db54206a74b55,bf06c86a8b45ff125329d7fb1e3c2198,1,2018-07-04 15:20:14,2018-07-05 16:11:43,2018-07-04 15:17:00,2018-07-09 19:59:31,2018-07-27
13134fe6dc043430a875ece99381223b,1e68eb446a32f445dceaf306cdad90b4,1,2018-06-13 14:48:16,2018-06-13 15:28:57,2018-06-13 13:28:00,2018-06-18 10:21:04,2018-07-04
a6f2940cae871bfd63ea94dd5c476a62,f5bde54c01457a0cc94cb4d893a081c2,1,2018-08-07 09:53:58,2018-08-07 10:05:19,2018-08-07 09:48:00,2018-08-10 18:26:34,2018-08-17
a250092009e031f3162f9134a40261c2,569074f2521cdbba257e9fae5d95d75b,1,2018-06-25 13:29:12,2018-06-25 13:58:21,2018-06-25 13:07:00,2018-07-03 19:51:41,2018-07-18
2ef2818bc1477c39bc32b093812b85e8,1c436aa3c85f978a78df59eaca01ede3,1,2018-05-28 14:33:54,2018-05-28 14:50:31,2018-05-28 14:33:00,2018-06-04 19:33:47,2018-06-29
5d2360b577af310633223b53506dcfaa,5859cd71917f97747721166e9289fe6e,1,2018-06-13 11:33:10,2018-06-13 11:55:13,2018-06-13 09:52:00,2018-06-29 19:12:05,2018-07-05
5a339130640419f9e00ab4b6ff61dc22,9bbcc57d44cde58fff7d4871e3c513d1,1,2018-04-27 15:59:23,2018-04-27 16:15:25,2018-04-27 14:35:00,2018-05-02 15:32:39,2018-05-16
3b40ede283844ba0fbdd110f8a56792f,e489861e700dfc79e5347bbf75b472e0,1,2018-07-18 14:35:41,2018-07-18 14:45:20,2018-07-18 13:06:00,2018-07-25 17:27:25,2018-08-01
269ad8edf5c7dd6bfbe01dc68832f6ce,7e99e9b740265fbdbb624fe55328cddd,1,2018-08-16 15:38:33,2018-08-16 15:50:19,2018-08-16 15:34:00,2018-08-22 22:10:59,2018-08-28
46ac596698e8825788743fef0d54caca,babcd8fa0e2e5bb335b85783a9194ef8,1,2018-05-16 15:09:03,2018-05-16 15:34:40,2018-05-16 13:36:00,2018-05-22 21:33:08,2018-06-04
f7780ea2807db31691e83f0013294035,3088cc4bfafe311f1d84830808c2aa6d,1,2018-07-30 15:22:15,2018-07-30 15:35:16,2018-07-30 15:00:00,2018-08-02 18:32:30,2018-08-02
d7646ffe8fdd9e7d9557f9f7cbf04530,f896e70d84f6db9a56b86a47dd8718f0,1,2018-05-04 14:50:37,2018-05-04 15:10:22,2018-05-04 14:48:00,2018-05-08 19:06:42,2018-05-16
5ded8a3706eabd813685534724f066de,460316e38d4d241fc79d4f6729f8f7f6,1,2018-07-18 08:46:52,2018-07-18 09:01:48,2018-07-18 08:44:00,2018-07-25 13:53:17,2018-08-10
d10046876c7d9f01613da59ffa6cb07f,6559cb5b365f173915f766fefcd86972,1,2018-07-18 16:14:16,2018-07-18 16:25:17,2018-07-18 15:34:00,2018-07-23 20:46:44,2018-08-07
78008d03bd8ef7fcf1568728b316553c,043e3254e68daf7256bda1c9c03c2286,1,2018-07-03 13:11:13,2018-07-05 16:32:52,2018-07-03 12:57:00,2018-07-10 17:47:39,2018-07-23
